"MEASURE","Unit","COUNTRY","Country","PRODUCT","Product","FLOW","Flow","TIME","Time","Value","Flag Codes","Flags"
"TJ","TJ","EU28","Memo: European Union-28","INDWASTE","Industrial waste","INDPROD","Production","2000","2000",100267.43,,
"TJ","TJ","EU28","Memo: European Union-28","INDWASTE","Industrial waste","INDPROD","Production","2001","2001",130947.72,,
"TJ","TJ","EU28","Memo: European Union-28","INDWASTE","Industrial waste","INDPROD","Production","2002","2002",126037.64,,
"TJ","TJ","EU28","Memo: European Union-28","INDWASTE","Industrial waste","INDPROD","Production","2003","2003",72931.43,,
"TJ","TJ","EU28","Memo: European Union-28","INDWASTE","Industrial waste","INDPROD","Production","2004","2004",72906.39,,
"TJ","TJ","EU28","Memo: European Union-28","INDWASTE","Industrial waste","INDPROD","Production","2005","2005",67273.77,,
"TJ","TJ","EU28","Memo: European Union-28","INDWASTE","Industrial waste","INDPROD","Production","2006","2006",68848.12,,
"TJ","TJ","EU28","Memo: European Union-28","INDWASTE","Industrial waste","INDPROD","Production","2007","2007",77177.19,,
"TJ","TJ","EU28","Memo: European Union-28","INDWASTE","Industrial waste","INDPROD","Production","2008","2008",104272.45,,
"TJ","TJ","EU28","Memo: European Union-28","INDWASTE","Industrial waste","INDPROD","Production","2009","2009",130118.79,,
"TJ","TJ","EU28","Memo: European Union-28","INDWASTE","Industrial waste","INDPROD","Production","2010","2010",142921.5,,
"TJ","TJ","EU28","Memo: European Union-28","INDWASTE","Industrial waste","INDPROD","Production","2011","2011",171432.25,,
"TJ","TJ","EU28","Memo: European Union-28","INDWASTE","Industrial waste","INDPROD","Production","2012","2012",169020.56,,
"TJ","TJ","EU28","Memo: European Union-28","INDWASTE","Industrial waste","INDPROD","Production","2013","2013",152454.03,,
"TJ","TJ","EU28","Memo: European Union-28","INDWASTE","Industrial waste","INDPROD","Production","2014","2014",167056.12,,
"TJ","TJ","EU28","Memo: European Union-28","INDWASTE","Industrial waste","INDPROD","Production","2015","2015",172980.35,,
"TJ","TJ","EU28","Memo: European Union-28","INDWASTE","Industrial waste","INDPROD","Production","2016","2016",196736.78,,
"TJ","TJ","EU28","Memo: European Union-28","INDWASTE","Industrial waste","INDPROD","Production","2017","2017",178536.2,,
"TJ","TJ","EU28","Memo: European Union-28","INDWASTE","Industrial waste","INDPROD","Production","2018","2018",187484.01,,
"TJ","TJ","EU28","Memo: European Union-28","INDWASTE","Industrial waste","INDPROD","Production","2019","2019",194634.53,,
"TJ","TJ","EU28","Memo: European Union-28","INDWASTE","Industrial waste","INDPROD","Production","2020","2020",201322.3,,
"TJ","TJ","EU28","Memo: European Union-28","MUNWASTER","Municipal waste (renewable)","INDPROD","Production","2000","2000",159132.64,,
"TJ","TJ","EU28","Memo: European Union-28","MUNWASTER","Municipal waste (renewable)","INDPROD","Production","2001","2001",167654.5,,
"TJ","TJ","EU28","Memo: European Union-28","MUNWASTER","Municipal waste (renewable)","INDPROD","Production","2002","2002",171383.69,,
"TJ","TJ","EU28","Memo: European Union-28","MUNWASTER","Municipal waste (renewable)","INDPROD","Production","2003","2003",206601.85,,
"TJ","TJ","EU28","Memo: European Union-28","MUNWASTER","Municipal waste (renewable)","INDPROD","Production","2004","2004",220364.53,,
"TJ","TJ","EU28","Memo: European Union-28","MUNWASTER","Municipal waste (renewable)","INDPROD","Production","2005","2005",250896.53,,
"TJ","TJ","EU28","Memo: European Union-28","MUNWASTER","Municipal waste (renewable)","INDPROD","Production","2006","2006",271998.86,,
"TJ","TJ","EU28","Memo: European Union-28","MUNWASTER","Municipal waste (renewable)","INDPROD","Production","2007","2007",303521.22,,
"TJ","TJ","EU28","Memo: European Union-28","MUNWASTER","Municipal waste (renewable)","INDPROD","Production","2008","2008",304845.21,,
"TJ","TJ","EU28","Memo: European Union-28","MUNWASTER","Municipal waste (renewable)","INDPROD","Production","2009","2009",311355.94,,
"TJ","TJ","EU28","Memo: European Union-28","MUNWASTER","Municipal waste (renewable)","INDPROD","Production","2010","2010",327501.36,,
"TJ","TJ","EU28","Memo: European Union-28","MUNWASTER","Municipal waste (renewable)","INDPROD","Production","2011","2011",332931.84,,
"TJ","TJ","EU28","Memo: European Union-28","MUNWASTER","Municipal waste (renewable)","INDPROD","Production","2012","2012",348242.95,,
"TJ","TJ","EU28","Memo: European Union-28","MUNWASTER","Municipal waste (renewable)","INDPROD","Production","2013","2013",365830.16,,
"TJ","TJ","EU28","Memo: European Union-28","MUNWASTER","Municipal waste (renewable)","INDPROD","Production","2014","2014",379634.07,,
"TJ","TJ","EU28","Memo: European Union-28","MUNWASTER","Municipal waste (renewable)","INDPROD","Production","2015","2015",390713.36,,
"TJ","TJ","EU28","Memo: European Union-28","MUNWASTER","Municipal waste (renewable)","INDPROD","Production","2016","2016",404296.8,,
"TJ","TJ","EU28","Memo: European Union-28","MUNWASTER","Municipal waste (renewable)","INDPROD","Production","2017","2017",417941.38,,
"TJ","TJ","EU28","Memo: European Union-28","MUNWASTER","Municipal waste (renewable)","INDPROD","Production","2018","2018",416139.74,,
"TJ","TJ","EU28","Memo: European Union-28","MUNWASTER","Municipal waste (renewable)","INDPROD","Production","2019","2019",426606.65,,
"TJ","TJ","EU28","Memo: European Union-28","MUNWASTER","Municipal waste (renewable)","INDPROD","Production","2020","2020",431528.67,,
"TJ","TJ","EU28","Memo: European Union-28","MUNWASTEN","Municipal waste (non-renewable)","INDPROD","Production","2000","2000",153369.94,,
"TJ","TJ","EU28","Memo: European Union-28","MUNWASTEN","Municipal waste (non-renewable)","INDPROD","Production","2001","2001",166644.24,,
"TJ","TJ","EU28","Memo: European Union-28","MUNWASTEN","Municipal waste (non-renewable)","INDPROD","Production","2002","2002",170418.93,,
"TJ","TJ","EU28","Memo: European Union-28","MUNWASTEN","Municipal waste (non-renewable)","INDPROD","Production","2003","2003",213068.06,,
"TJ","TJ","EU28","Memo: European Union-28","MUNWASTEN","Municipal waste (non-renewable)","INDPROD","Production","2004","2004",228572.89,,
"TJ","TJ","EU28","Memo: European Union-28","MUNWASTEN","Municipal waste (non-renewable)","INDPROD","Production","2005","2005",260881.64,,
"TJ","TJ","EU28","Memo: European Union-28","MUNWASTEN","Municipal waste (non-renewable)","INDPROD","Production","2006","2006",285588.21,,
"TJ","TJ","EU28","Memo: European Union-28","MUNWASTEN","Municipal waste (non-renewable)","INDPROD","Production","2007","2007",298040.49,,
"TJ","TJ","EU28","Memo: European Union-28","MUNWASTEN","Municipal waste (non-renewable)","INDPROD","Production","2008","2008",298588.99,,
"TJ","TJ","EU28","Memo: European Union-28","MUNWASTEN","Municipal waste (non-renewable)","INDPROD","Production","2009","2009",306348.19,,
"TJ","TJ","EU28","Memo: European Union-28","MUNWASTEN","Municipal waste (non-renewable)","INDPROD","Production","2010","2010",315098.39,,
"TJ","TJ","EU28","Memo: European Union-28","MUNWASTEN","Municipal waste (non-renewable)","INDPROD","Production","2011","2011",320403.37,,
"TJ","TJ","EU28","Memo: European Union-28","MUNWASTEN","Municipal waste (non-renewable)","INDPROD","Production","2012","2012",328192.59,,
"TJ","TJ","EU28","Memo: European Union-28","MUNWASTEN","Municipal waste (non-renewable)","INDPROD","Production","2013","2013",354283.27,,
"TJ","TJ","EU28","Memo: European Union-28","MUNWASTEN","Municipal waste (non-renewable)","INDPROD","Production","2014","2014",370383.35,,
"TJ","TJ","EU28","Memo: European Union-28","MUNWASTEN","Municipal waste (non-renewable)","INDPROD","Production","2015","2015",374487.17,,
"TJ","TJ","EU28","Memo: European Union-28","MUNWASTEN","Municipal waste (non-renewable)","INDPROD","Production","2016","2016",404205.57,,
"TJ","TJ","EU28","Memo: European Union-28","MUNWASTEN","Municipal waste (non-renewable)","INDPROD","Production","2017","2017",418590.36,,
"TJ","TJ","EU28","Memo: European Union-28","MUNWASTEN","Municipal waste (non-renewable)","INDPROD","Production","2018","2018",417975.97,,
"TJ","TJ","EU28","Memo: European Union-28","MUNWASTEN","Municipal waste (non-renewable)","INDPROD","Production","2019","2019",427313.23,,
"TJ","TJ","EU28","Memo: European Union-28","MUNWASTEN","Municipal waste (non-renewable)","INDPROD","Production","2020","2020",438341.08,,
"TJ","TJ","EU28","Memo: European Union-28","PRIMSBIO","Primary solid biofuels","INDPROD","Production","2000","2000",2258035.72,,
"TJ","TJ","EU28","Memo: European Union-28","PRIMSBIO","Primary solid biofuels","INDPROD","Production","2001","2001",2265532.76,,
"TJ","TJ","EU28","Memo: European Union-28","PRIMSBIO","Primary solid biofuels","INDPROD","Production","2002","2002",2331588.72,,
"TJ","TJ","EU28","Memo: European Union-28","PRIMSBIO","Primary solid biofuels","INDPROD","Production","2003","2003",2610807.22,,
"TJ","TJ","EU28","Memo: European Union-28","PRIMSBIO","Primary solid biofuels","INDPROD","Production","2004","2004",2679046.05,,
"TJ","TJ","EU28","Memo: European Union-28","PRIMSBIO","Primary solid biofuels","INDPROD","Production","2005","2005",2871695.67,,
"TJ","TJ","EU28","Memo: European Union-28","PRIMSBIO","Primary solid biofuels","INDPROD","Production","2006","2006",2979739.48,,
"TJ","TJ","EU28","Memo: European Union-28","PRIMSBIO","Primary solid biofuels","INDPROD","Production","2007","2007",3135821.77,,
"TJ","TJ","EU28","Memo: European Union-28","PRIMSBIO","Primary solid biofuels","INDPROD","Production","2008","2008",3357473.86,,
"TJ","TJ","EU28","Memo: European Union-28","PRIMSBIO","Primary solid biofuels","INDPROD","Production","2009","2009",3412723.47,,
"TJ","TJ","EU28","Memo: European Union-28","PRIMSBIO","Primary solid biofuels","INDPROD","Production","2010","2010",3722031.35,,
"TJ","TJ","EU28","Memo: European Union-28","PRIMSBIO","Primary solid biofuels","INDPROD","Production","2011","2011",3516983.2,,
"TJ","TJ","EU28","Memo: European Union-28","PRIMSBIO","Primary solid biofuels","INDPROD","Production","2012","2012",3858212.49,,
"TJ","TJ","EU28","Memo: European Union-28","PRIMSBIO","Primary solid biofuels","INDPROD","Production","2013","2013",3908695.4,,
"TJ","TJ","EU28","Memo: European Union-28","PRIMSBIO","Primary solid biofuels","INDPROD","Production","2014","2014",3689315.78,,
"TJ","TJ","EU28","Memo: European Union-28","PRIMSBIO","Primary solid biofuels","INDPROD","Production","2015","2015",3864064.88,,
"TJ","TJ","EU28","Memo: European Union-28","PRIMSBIO","Primary solid biofuels","INDPROD","Production","2016","2016",3905995.98,,
"TJ","TJ","EU28","Memo: European Union-28","PRIMSBIO","Primary solid biofuels","INDPROD","Production","2017","2017",3965358.58,,
"TJ","TJ","EU28","Memo: European Union-28","PRIMSBIO","Primary solid biofuels","INDPROD","Production","2018","2018",3986887.48,,
"TJ","TJ","EU28","Memo: European Union-28","PRIMSBIO","Primary solid biofuels","INDPROD","Production","2019","2019",4072931.9,,
"TJ","TJ","EU28","Memo: European Union-28","PRIMSBIO","Primary solid biofuels","INDPROD","Production","2020","2020",3982099.28,,
"TJ","TJ","EU28","Memo: European Union-28","BIOGASES","Biogases","INDPROD","Production","2000","2000",91538.74,,
"TJ","TJ","EU28","Memo: European Union-28","BIOGASES","Biogases","INDPROD","Production","2001","2001",112081.65,,
"TJ","TJ","EU28","Memo: European Union-28","BIOGASES","Biogases","INDPROD","Production","2002","2002",138565.5,,
"TJ","TJ","EU28","Memo: European Union-28","BIOGASES","Biogases","INDPROD","Production","2003","2003",141545.46,,
"TJ","TJ","EU28","Memo: European Union-28","BIOGASES","Biogases","INDPROD","Production","2004","2004",154982.15,,
"TJ","TJ","EU28","Memo: European Union-28","BIOGASES","Biogases","INDPROD","Production","2005","2005",173666.64,,
"TJ","TJ","EU28","Memo: European Union-28","BIOGASES","Biogases","INDPROD","Production","2006","2006",189692.62,,
"TJ","TJ","EU28","Memo: European Union-28","BIOGASES","Biogases","INDPROD","Production","2007","2007",247938.08,,
"TJ","TJ","EU28","Memo: European Union-28","BIOGASES","Biogases","INDPROD","Production","2008","2008",283182.27,,
"TJ","TJ","EU28","Memo: European Union-28","BIOGASES","Biogases","INDPROD","Production","2009","2009",319696.94,,
"TJ","TJ","EU28","Memo: European Union-28","BIOGASES","Biogases","INDPROD","Production","2010","2010",370536.12,,
"TJ","TJ","EU28","Memo: European Union-28","BIOGASES","Biogases","INDPROD","Production","2011","2011",444277.56,,
"TJ","TJ","EU28","Memo: European Union-28","BIOGASES","Biogases","INDPROD","Production","2012","2012",513868.59,,
"TJ","TJ","EU28","Memo: European Union-28","BIOGASES","Biogases","INDPROD","Production","2013","2013",583218.94,,
"TJ","TJ","EU28","Memo: European Union-28","BIOGASES","Biogases","INDPROD","Production","2014","2014",620346.97,,
"TJ","TJ","EU28","Memo: European Union-28","BIOGASES","Biogases","INDPROD","Production","2015","2015",651206.23,,
"TJ","TJ","EU28","Memo: European Union-28","BIOGASES","Biogases","INDPROD","Production","2016","2016",680591.14,,
"TJ","TJ","EU28","Memo: European Union-28","BIOGASES","Biogases","INDPROD","Production","2017","2017",694755.93,,
"TJ","TJ","EU28","Memo: European Union-28","BIOGASES","Biogases","INDPROD","Production","2018","2018",691321.2,,
"TJ","TJ","EU28","Memo: European Union-28","BIOGASES","Biogases","INDPROD","Production","2019","2019",704374.71,,
"TJ","TJ","EU28","Memo: European Union-28","BIOGASES","Biogases","INDPROD","Production","2020","2020",727199.91,,
"TJ","TJ","EU28","Memo: European Union-28","BIOGASOL","Biogasoline","INDPROD","Production","2000","2000",2497.5,,
"TJ","TJ","EU28","Memo: European Union-28","BIOGASOL","Biogasoline","INDPROD","Production","2001","2001",2955.63,,
"TJ","TJ","EU28","Memo: European Union-28","BIOGASOL","Biogasoline","INDPROD","Production","2002","2002",6711,,
"TJ","TJ","EU28","Memo: European Union-28","BIOGASOL","Biogasoline","INDPROD","Production","2003","2003",10071.67,,
"TJ","TJ","EU28","Memo: European Union-28","BIOGASOL","Biogasoline","INDPROD","Production","2004","2004",11204.97,,
"TJ","TJ","EU28","Memo: European Union-28","BIOGASOL","Biogasoline","INDPROD","Production","2005","2005",16040.93,,
"TJ","TJ","EU28","Memo: European Union-28","BIOGASOL","Biogasoline","INDPROD","Production","2006","2006",26669.02,,
"TJ","TJ","EU28","Memo: European Union-28","BIOGASOL","Biogasoline","INDPROD","Production","2007","2007",36568.86,,
"TJ","TJ","EU28","Memo: European Union-28","BIOGASOL","Biogasoline","INDPROD","Production","2008","2008",55153.64,,
"TJ","TJ","EU28","Memo: European Union-28","BIOGASOL","Biogasoline","INDPROD","Production","2009","2009",66005.44,,
"TJ","TJ","EU28","Memo: European Union-28","BIOGASOL","Biogasoline","INDPROD","Production","2010","2010",78314.94,,
"TJ","TJ","EU28","Memo: European Union-28","BIOGASOL","Biogasoline","INDPROD","Production","2011","2011",76979.17,,
"TJ","TJ","EU28","Memo: European Union-28","BIOGASOL","Biogasoline","INDPROD","Production","2012","2012",91314.05,,
"TJ","TJ","EU28","Memo: European Union-28","BIOGASOL","Biogasoline","INDPROD","Production","2013","2013",111976.03,,
"TJ","TJ","EU28","Memo: European Union-28","BIOGASOL","Biogasoline","INDPROD","Production","2014","2014",102590.78,,
"TJ","TJ","EU28","Memo: European Union-28","BIOGASOL","Biogasoline","INDPROD","Production","2015","2015",102294.23,,
"TJ","TJ","EU28","Memo: European Union-28","BIOGASOL","Biogasoline","INDPROD","Production","2016","2016",103769.22,,
"TJ","TJ","EU28","Memo: European Union-28","BIOGASOL","Biogasoline","INDPROD","Production","2017","2017",108506.5,,
"TJ","TJ","EU28","Memo: European Union-28","BIOGASOL","Biogasoline","INDPROD","Production","2018","2018",110018.04,,
"TJ","TJ","EU28","Memo: European Union-28","BIOGASOL","Biogasoline","INDPROD","Production","2019","2019",103795.21,,
"TJ","TJ","EU28","Memo: European Union-28","BIOGASOL","Biogasoline","INDPROD","Production","2020","2020",101037.17,,
"TJ","TJ","EU28","Memo: European Union-28","BIODIESEL","Biodiesels","INDPROD","Production","2000","2000",23601.77,,
"TJ","TJ","EU28","Memo: European Union-28","BIODIESEL","Biodiesels","INDPROD","Production","2001","2001",29154.43,,
"TJ","TJ","EU28","Memo: European Union-28","BIODIESEL","Biodiesels","INDPROD","Production","2002","2002",38432.52,,
"TJ","TJ","EU28","Memo: European Union-28","BIODIESEL","Biodiesels","INDPROD","Production","2003","2003",47989.46,,
"TJ","TJ","EU28","Memo: European Union-28","BIODIESEL","Biodiesels","INDPROD","Production","2004","2004",71860.53,,
"TJ","TJ","EU28","Memo: European Union-28","BIODIESEL","Biodiesels","INDPROD","Production","2005","2005",102766.02,,
"TJ","TJ","EU28","Memo: European Union-28","BIODIESEL","Biodiesels","INDPROD","Production","2006","2006",147763.15,,
"TJ","TJ","EU28","Memo: European Union-28","BIODIESEL","Biodiesels","INDPROD","Production","2007","2007",210297.43,,
"TJ","TJ","EU28","Memo: European Union-28","BIODIESEL","Biodiesels","INDPROD","Production","2008","2008",262238.56,,
"TJ","TJ","EU28","Memo: European Union-28","BIODIESEL","Biodiesels","INDPROD","Production","2009","2009",324679.35,,
"TJ","TJ","EU28","Memo: European Union-28","BIODIESEL","Biodiesels","INDPROD","Production","2010","2010",369081.27,,
"TJ","TJ","EU28","Memo: European Union-28","BIODIESEL","Biodiesels","INDPROD","Production","2011","2011",348147.04,,
"TJ","TJ","EU28","Memo: European Union-28","BIODIESEL","Biodiesels","INDPROD","Production","2012","2012",373642.32,,
"TJ","TJ","EU28","Memo: European Union-28","BIODIESEL","Biodiesels","INDPROD","Production","2013","2013",403270.88,,
"TJ","TJ","EU28","Memo: European Union-28","BIODIESEL","Biodiesels","INDPROD","Production","2014","2014",466849.83,,
"TJ","TJ","EU28","Memo: European Union-28","BIODIESEL","Biodiesels","INDPROD","Production","2015","2015",453630.87,,
"TJ","TJ","EU28","Memo: European Union-28","BIODIESEL","Biodiesels","INDPROD","Production","2016","2016",443299.1,,
"TJ","TJ","EU28","Memo: European Union-28","BIODIESEL","Biodiesels","INDPROD","Production","2017","2017",494500.59,,
"TJ","TJ","EU28","Memo: European Union-28","BIODIESEL","Biodiesels","INDPROD","Production","2018","2018",521939.35,,
"TJ","TJ","EU28","Memo: European Union-28","BIODIESEL","Biodiesels","INDPROD","Production","2019","2019",560571.13,,
"TJ","TJ","EU28","Memo: European Union-28","BIODIESEL","Biodiesels","INDPROD","Production","2020","2020",552463.34,,
"TJ","TJ","EU28","Memo: European Union-28","BIOJETKERO","Bio jet kerosene","INDPROD","Production","2000","2000",0,,
"TJ","TJ","EU28","Memo: European Union-28","BIOJETKERO","Bio jet kerosene","INDPROD","Production","2001","2001",0,,
"TJ","TJ","EU28","Memo: European Union-28","BIOJETKERO","Bio jet kerosene","INDPROD","Production","2002","2002",0,,
"TJ","TJ","EU28","Memo: European Union-28","BIOJETKERO","Bio jet kerosene","INDPROD","Production","2003","2003",0,,
"TJ","TJ","EU28","Memo: European Union-28","BIOJETKERO","Bio jet kerosene","INDPROD","Production","2004","2004",0,,
"TJ","TJ","EU28","Memo: European Union-28","BIOJETKERO","Bio jet kerosene","INDPROD","Production","2005","2005",0,,
"TJ","TJ","EU28","Memo: European Union-28","BIOJETKERO","Bio jet kerosene","INDPROD","Production","2006","2006",0,,
"TJ","TJ","EU28","Memo: European Union-28","BIOJETKERO","Bio jet kerosene","INDPROD","Production","2007","2007",0,,
"TJ","TJ","EU28","Memo: European Union-28","BIOJETKERO","Bio jet kerosene","INDPROD","Production","2008","2008",0,,
"TJ","TJ","EU28","Memo: European Union-28","BIOJETKERO","Bio jet kerosene","INDPROD","Production","2009","2009",0,,
"TJ","TJ","EU28","Memo: European Union-28","BIOJETKERO","Bio jet kerosene","INDPROD","Production","2010","2010",0,,
"TJ","TJ","EU28","Memo: European Union-28","BIOJETKERO","Bio jet kerosene","INDPROD","Production","2011","2011",43,,
"TJ","TJ","EU28","Memo: European Union-28","BIOJETKERO","Bio jet kerosene","INDPROD","Production","2012","2012",0,,
"TJ","TJ","EU28","Memo: European Union-28","BIOJETKERO","Bio jet kerosene","INDPROD","Production","2013","2013",0,,
"TJ","TJ","EU28","Memo: European Union-28","BIOJETKERO","Bio jet kerosene","INDPROD","Production","2014","2014",0,,
"TJ","TJ","EU28","Memo: European Union-28","BIOJETKERO","Bio jet kerosene","INDPROD","Production","2015","2015",43.1,,
"TJ","TJ","EU28","Memo: European Union-28","BIOJETKERO","Bio jet kerosene","INDPROD","Production","2016","2016",0,,
"TJ","TJ","EU28","Memo: European Union-28","BIOJETKERO","Bio jet kerosene","INDPROD","Production","2017","2017",0,,
"TJ","TJ","EU28","Memo: European Union-28","BIOJETKERO","Bio jet kerosene","INDPROD","Production","2018","2018",301.7,,
"TJ","TJ","EU28","Memo: European Union-28","BIOJETKERO","Bio jet kerosene","INDPROD","Production","2019","2019",1034.4,,
"TJ","TJ","EU28","Memo: European Union-28","BIOJETKERO","Bio jet kerosene","INDPROD","Production","2020","2020",1896.4,,
"TJ","TJ","EU28","Memo: European Union-28","CHARCOAL","Charcoal","INDPROD","Production","2000","2000",0,,
"TJ","TJ","EU28","Memo: European Union-28","CHARCOAL","Charcoal","INDPROD","Production","2001","2001",0,,
"TJ","TJ","EU28","Memo: European Union-28","CHARCOAL","Charcoal","INDPROD","Production","2002","2002",0,,
"TJ","TJ","EU28","Memo: European Union-28","CHARCOAL","Charcoal","INDPROD","Production","2003","2003",0,,
"TJ","TJ","EU28","Memo: European Union-28","CHARCOAL","Charcoal","INDPROD","Production","2004","2004",0,,
"TJ","TJ","EU28","Memo: European Union-28","CHARCOAL","Charcoal","INDPROD","Production","2005","2005",0,,
"TJ","TJ","EU28","Memo: European Union-28","CHARCOAL","Charcoal","INDPROD","Production","2006","2006",0,,
"TJ","TJ","EU28","Memo: European Union-28","CHARCOAL","Charcoal","INDPROD","Production","2007","2007",0,,
"TJ","TJ","EU28","Memo: European Union-28","CHARCOAL","Charcoal","INDPROD","Production","2008","2008",0,,
"TJ","TJ","EU28","Memo: European Union-28","CHARCOAL","Charcoal","INDPROD","Production","2009","2009",0,,
"TJ","TJ","EU28","Memo: European Union-28","CHARCOAL","Charcoal","INDPROD","Production","2010","2010",0,,
"TJ","TJ","EU28","Memo: European Union-28","CHARCOAL","Charcoal","INDPROD","Production","2011","2011",0,,
"TJ","TJ","EU28","Memo: European Union-28","CHARCOAL","Charcoal","INDPROD","Production","2012","2012",0,,
"TJ","TJ","EU28","Memo: European Union-28","CHARCOAL","Charcoal","INDPROD","Production","2013","2013",0,,
"TJ","TJ","EU28","Memo: European Union-28","CHARCOAL","Charcoal","INDPROD","Production","2014","2014",0,,
"TJ","TJ","EU28","Memo: European Union-28","CHARCOAL","Charcoal","INDPROD","Production","2015","2015",0,,
"TJ","TJ","EU28","Memo: European Union-28","CHARCOAL","Charcoal","INDPROD","Production","2016","2016",0,,
"TJ","TJ","EU28","Memo: European Union-28","CHARCOAL","Charcoal","INDPROD","Production","2017","2017",0,,
"TJ","TJ","EU28","Memo: European Union-28","CHARCOAL","Charcoal","INDPROD","Production","2018","2018",0,,
"TJ","TJ","EU28","Memo: European Union-28","CHARCOAL","Charcoal","INDPROD","Production","2019","2019",0,,
"TJ","TJ","EU28","Memo: European Union-28","CHARCOAL","Charcoal","INDPROD","Production","2020","2020",0,,
"TJ","TJ","EU28","Memo: European Union-28","INDWASTE","Industrial waste","IMPORTS","Imports","2000","2000",0,,
"TJ","TJ","EU28","Memo: European Union-28","INDWASTE","Industrial waste","IMPORTS","Imports","2001","2001",0,,
"TJ","TJ","EU28","Memo: European Union-28","INDWASTE","Industrial waste","IMPORTS","Imports","2002","2002",23,,
"TJ","TJ","EU28","Memo: European Union-28","INDWASTE","Industrial waste","IMPORTS","Imports","2003","2003",24,,
"TJ","TJ","EU28","Memo: European Union-28","INDWASTE","Industrial waste","IMPORTS","Imports","2004","2004",0,,
"TJ","TJ","EU28","Memo: European Union-28","INDWASTE","Industrial waste","IMPORTS","Imports","2005","2005",7,,
"TJ","TJ","EU28","Memo: European Union-28","INDWASTE","Industrial waste","IMPORTS","Imports","2006","2006",15,,
"TJ","TJ","EU28","Memo: European Union-28","INDWASTE","Industrial waste","IMPORTS","Imports","2007","2007",157,,
"TJ","TJ","EU28","Memo: European Union-28","INDWASTE","Industrial waste","IMPORTS","Imports","2008","2008",278,,
"TJ","TJ","EU28","Memo: European Union-28","INDWASTE","Industrial waste","IMPORTS","Imports","2009","2009",113,,
"TJ","TJ","EU28","Memo: European Union-28","INDWASTE","Industrial waste","IMPORTS","Imports","2010","2010",41,,
"TJ","TJ","EU28","Memo: European Union-28","INDWASTE","Industrial waste","IMPORTS","Imports","2011","2011",1928,,
"TJ","TJ","EU28","Memo: European Union-28","INDWASTE","Industrial waste","IMPORTS","Imports","2012","2012",582,,
"TJ","TJ","EU28","Memo: European Union-28","INDWASTE","Industrial waste","IMPORTS","Imports","2013","2013",1646,,
"TJ","TJ","EU28","Memo: European Union-28","INDWASTE","Industrial waste","IMPORTS","Imports","2014","2014",1263,,
"TJ","TJ","EU28","Memo: European Union-28","INDWASTE","Industrial waste","IMPORTS","Imports","2015","2015",2493,,
"TJ","TJ","EU28","Memo: European Union-28","INDWASTE","Industrial waste","IMPORTS","Imports","2016","2016",2529,,
"TJ","TJ","EU28","Memo: European Union-28","INDWASTE","Industrial waste","IMPORTS","Imports","2017","2017",3101.79,,
"TJ","TJ","EU28","Memo: European Union-28","INDWASTE","Industrial waste","IMPORTS","Imports","2018","2018",3606.65,,
"TJ","TJ","EU28","Memo: European Union-28","INDWASTE","Industrial waste","IMPORTS","Imports","2019","2019",4520.77,,
"TJ","TJ","EU28","Memo: European Union-28","INDWASTE","Industrial waste","IMPORTS","Imports","2020","2020",4637.15,,
"TJ","TJ","EU28","Memo: European Union-28","MUNWASTER","Municipal waste (renewable)","IMPORTS","Imports","2000","2000",0,,
"TJ","TJ","EU28","Memo: European Union-28","MUNWASTER","Municipal waste (renewable)","IMPORTS","Imports","2001","2001",0,,
"TJ","TJ","EU28","Memo: European Union-28","MUNWASTER","Municipal waste (renewable)","IMPORTS","Imports","2002","2002",9,,
"TJ","TJ","EU28","Memo: European Union-28","MUNWASTER","Municipal waste (renewable)","IMPORTS","Imports","2003","2003",16,,
"TJ","TJ","EU28","Memo: European Union-28","MUNWASTER","Municipal waste (renewable)","IMPORTS","Imports","2004","2004",13,,
"TJ","TJ","EU28","Memo: European Union-28","MUNWASTER","Municipal waste (renewable)","IMPORTS","Imports","2005","2005",136,,
"TJ","TJ","EU28","Memo: European Union-28","MUNWASTER","Municipal waste (renewable)","IMPORTS","Imports","2006","2006",232,,
"TJ","TJ","EU28","Memo: European Union-28","MUNWASTER","Municipal waste (renewable)","IMPORTS","Imports","2007","2007",719,,
"TJ","TJ","EU28","Memo: European Union-28","MUNWASTER","Municipal waste (renewable)","IMPORTS","Imports","2008","2008",163,,
"TJ","TJ","EU28","Memo: European Union-28","MUNWASTER","Municipal waste (renewable)","IMPORTS","Imports","2009","2009",820,,
"TJ","TJ","EU28","Memo: European Union-28","MUNWASTER","Municipal waste (renewable)","IMPORTS","Imports","2010","2010",1473,,
"TJ","TJ","EU28","Memo: European Union-28","MUNWASTER","Municipal waste (renewable)","IMPORTS","Imports","2011","2011",4347,,
"TJ","TJ","EU28","Memo: European Union-28","MUNWASTER","Municipal waste (renewable)","IMPORTS","Imports","2012","2012",9097,,
"TJ","TJ","EU28","Memo: European Union-28","MUNWASTER","Municipal waste (renewable)","IMPORTS","Imports","2013","2013",13433,,
"TJ","TJ","EU28","Memo: European Union-28","MUNWASTER","Municipal waste (renewable)","IMPORTS","Imports","2014","2014",14219.8,,
"TJ","TJ","EU28","Memo: European Union-28","MUNWASTER","Municipal waste (renewable)","IMPORTS","Imports","2015","2015",15982.97,,
"TJ","TJ","EU28","Memo: European Union-28","MUNWASTER","Municipal waste (renewable)","IMPORTS","Imports","2016","2016",18514.52,,
"TJ","TJ","EU28","Memo: European Union-28","MUNWASTER","Municipal waste (renewable)","IMPORTS","Imports","2017","2017",19350.83,,
"TJ","TJ","EU28","Memo: European Union-28","MUNWASTER","Municipal waste (renewable)","IMPORTS","Imports","2018","2018",19437.84,,
"TJ","TJ","EU28","Memo: European Union-28","MUNWASTER","Municipal waste (renewable)","IMPORTS","Imports","2019","2019",18410.76,,
"TJ","TJ","EU28","Memo: European Union-28","MUNWASTER","Municipal waste (renewable)","IMPORTS","Imports","2020","2020",19498.22,,
"TJ","TJ","EU28","Memo: European Union-28","MUNWASTEN","Municipal waste (non-renewable)","IMPORTS","Imports","2000","2000",0,,
"TJ","TJ","EU28","Memo: European Union-28","MUNWASTEN","Municipal waste (non-renewable)","IMPORTS","Imports","2001","2001",0,,
"TJ","TJ","EU28","Memo: European Union-28","MUNWASTEN","Municipal waste (non-renewable)","IMPORTS","Imports","2002","2002",8,,
"TJ","TJ","EU28","Memo: European Union-28","MUNWASTEN","Municipal waste (non-renewable)","IMPORTS","Imports","2003","2003",15,,
"TJ","TJ","EU28","Memo: European Union-28","MUNWASTEN","Municipal waste (non-renewable)","IMPORTS","Imports","2004","2004",12,,
"TJ","TJ","EU28","Memo: European Union-28","MUNWASTEN","Municipal waste (non-renewable)","IMPORTS","Imports","2005","2005",126,,
"TJ","TJ","EU28","Memo: European Union-28","MUNWASTEN","Municipal waste (non-renewable)","IMPORTS","Imports","2006","2006",214,,
"TJ","TJ","EU28","Memo: European Union-28","MUNWASTEN","Municipal waste (non-renewable)","IMPORTS","Imports","2007","2007",708,,
"TJ","TJ","EU28","Memo: European Union-28","MUNWASTEN","Municipal waste (non-renewable)","IMPORTS","Imports","2008","2008",150,,
"TJ","TJ","EU28","Memo: European Union-28","MUNWASTEN","Municipal waste (non-renewable)","IMPORTS","Imports","2009","2009",757,,
"TJ","TJ","EU28","Memo: European Union-28","MUNWASTEN","Municipal waste (non-renewable)","IMPORTS","Imports","2010","2010",2121,,
"TJ","TJ","EU28","Memo: European Union-28","MUNWASTEN","Municipal waste (non-renewable)","IMPORTS","Imports","2011","2011",5649,,
"TJ","TJ","EU28","Memo: European Union-28","MUNWASTEN","Municipal waste (non-renewable)","IMPORTS","Imports","2012","2012",9548.99,,
"TJ","TJ","EU28","Memo: European Union-28","MUNWASTEN","Municipal waste (non-renewable)","IMPORTS","Imports","2013","2013",12816,,
"TJ","TJ","EU28","Memo: European Union-28","MUNWASTEN","Municipal waste (non-renewable)","IMPORTS","Imports","2014","2014",14087.7,,
"TJ","TJ","EU28","Memo: European Union-28","MUNWASTEN","Municipal waste (non-renewable)","IMPORTS","Imports","2015","2015",15245.33,,
"TJ","TJ","EU28","Memo: European Union-28","MUNWASTEN","Municipal waste (non-renewable)","IMPORTS","Imports","2016","2016",17069.38,,
"TJ","TJ","EU28","Memo: European Union-28","MUNWASTEN","Municipal waste (non-renewable)","IMPORTS","Imports","2017","2017",17626.79,,
"TJ","TJ","EU28","Memo: European Union-28","MUNWASTEN","Municipal waste (non-renewable)","IMPORTS","Imports","2018","2018",16821.01,,
"TJ","TJ","EU28","Memo: European Union-28","MUNWASTEN","Municipal waste (non-renewable)","IMPORTS","Imports","2019","2019",16142.78,,
"TJ","TJ","EU28","Memo: European Union-28","MUNWASTEN","Municipal waste (non-renewable)","IMPORTS","Imports","2020","2020",17222.81,,
"TJ","TJ","EU28","Memo: European Union-28","PRIMSBIO","Primary solid biofuels","IMPORTS","Imports","2000","2000",32469,,
"TJ","TJ","EU28","Memo: European Union-28","PRIMSBIO","Primary solid biofuels","IMPORTS","Imports","2001","2001",38681.01,,
"TJ","TJ","EU28","Memo: European Union-28","PRIMSBIO","Primary solid biofuels","IMPORTS","Imports","2002","2002",50851,,
"TJ","TJ","EU28","Memo: European Union-28","PRIMSBIO","Primary solid biofuels","IMPORTS","Imports","2003","2003",70275.01,,
"TJ","TJ","EU28","Memo: European Union-28","PRIMSBIO","Primary solid biofuels","IMPORTS","Imports","2004","2004",100252.98,,
"TJ","TJ","EU28","Memo: European Union-28","PRIMSBIO","Primary solid biofuels","IMPORTS","Imports","2005","2005",121874.12,,
"TJ","TJ","EU28","Memo: European Union-28","PRIMSBIO","Primary solid biofuels","IMPORTS","Imports","2006","2006",153840.91,,
"TJ","TJ","EU28","Memo: European Union-28","PRIMSBIO","Primary solid biofuels","IMPORTS","Imports","2007","2007",160487.27,,
"TJ","TJ","EU28","Memo: European Union-28","PRIMSBIO","Primary solid biofuels","IMPORTS","Imports","2008","2008",156632.27,,
"TJ","TJ","EU28","Memo: European Union-28","PRIMSBIO","Primary solid biofuels","IMPORTS","Imports","2009","2009",189622.71,,
"TJ","TJ","EU28","Memo: European Union-28","PRIMSBIO","Primary solid biofuels","IMPORTS","Imports","2010","2010",239461.2,,
"TJ","TJ","EU28","Memo: European Union-28","PRIMSBIO","Primary solid biofuels","IMPORTS","Imports","2011","2011",257761.17,,
"TJ","TJ","EU28","Memo: European Union-28","PRIMSBIO","Primary solid biofuels","IMPORTS","Imports","2012","2012",263809.92,,
"TJ","TJ","EU28","Memo: European Union-28","PRIMSBIO","Primary solid biofuels","IMPORTS","Imports","2013","2013",323311.96,,
"TJ","TJ","EU28","Memo: European Union-28","PRIMSBIO","Primary solid biofuels","IMPORTS","Imports","2014","2014",377338.37,,
"TJ","TJ","EU28","Memo: European Union-28","PRIMSBIO","Primary solid biofuels","IMPORTS","Imports","2015","2015",370660.75,,
"TJ","TJ","EU28","Memo: European Union-28","PRIMSBIO","Primary solid biofuels","IMPORTS","Imports","2016","2016",391409.19,,
"TJ","TJ","EU28","Memo: European Union-28","PRIMSBIO","Primary solid biofuels","IMPORTS","Imports","2017","2017",396216.22,,
"TJ","TJ","EU28","Memo: European Union-28","PRIMSBIO","Primary solid biofuels","IMPORTS","Imports","2018","2018",429594.79,,
"TJ","TJ","EU28","Memo: European Union-28","PRIMSBIO","Primary solid biofuels","IMPORTS","Imports","2019","2019",457893.77,,
"TJ","TJ","EU28","Memo: European Union-28","PRIMSBIO","Primary solid biofuels","IMPORTS","Imports","2020","2020",497184.6,,
"TJ","TJ","EU28","Memo: European Union-28","BIOGASES","Biogases","IMPORTS","Imports","2000","2000",0,,
"TJ","TJ","EU28","Memo: European Union-28","BIOGASES","Biogases","IMPORTS","Imports","2001","2001",0,,
"TJ","TJ","EU28","Memo: European Union-28","BIOGASES","Biogases","IMPORTS","Imports","2002","2002",0,,
"TJ","TJ","EU28","Memo: European Union-28","BIOGASES","Biogases","IMPORTS","Imports","2003","2003",0,,
"TJ","TJ","EU28","Memo: European Union-28","BIOGASES","Biogases","IMPORTS","Imports","2004","2004",0,,
"TJ","TJ","EU28","Memo: European Union-28","BIOGASES","Biogases","IMPORTS","Imports","2005","2005",0,,
"TJ","TJ","EU28","Memo: European Union-28","BIOGASES","Biogases","IMPORTS","Imports","2006","2006",0,,
"TJ","TJ","EU28","Memo: European Union-28","BIOGASES","Biogases","IMPORTS","Imports","2007","2007",0,,
"TJ","TJ","EU28","Memo: European Union-28","BIOGASES","Biogases","IMPORTS","Imports","2008","2008",0,,
"TJ","TJ","EU28","Memo: European Union-28","BIOGASES","Biogases","IMPORTS","Imports","2009","2009",0,,
"TJ","TJ","EU28","Memo: European Union-28","BIOGASES","Biogases","IMPORTS","Imports","2010","2010",19.3,,
"TJ","TJ","EU28","Memo: European Union-28","BIOGASES","Biogases","IMPORTS","Imports","2011","2011",82.4,,
"TJ","TJ","EU28","Memo: European Union-28","BIOGASES","Biogases","IMPORTS","Imports","2012","2012",79.1,,
"TJ","TJ","EU28","Memo: European Union-28","BIOGASES","Biogases","IMPORTS","Imports","2013","2013",0,,
"TJ","TJ","EU28","Memo: European Union-28","BIOGASES","Biogases","IMPORTS","Imports","2014","2014",0,,
"TJ","TJ","EU28","Memo: European Union-28","BIOGASES","Biogases","IMPORTS","Imports","2015","2015",0,,
"TJ","TJ","EU28","Memo: European Union-28","BIOGASES","Biogases","IMPORTS","Imports","2016","2016",0,,
"TJ","TJ","EU28","Memo: European Union-28","BIOGASES","Biogases","IMPORTS","Imports","2017","2017",0,,
"TJ","TJ","EU28","Memo: European Union-28","BIOGASES","Biogases","IMPORTS","Imports","2018","2018",0,,
"TJ","TJ","EU28","Memo: European Union-28","BIOGASES","Biogases","IMPORTS","Imports","2019","2019",0,,
"TJ","TJ","EU28","Memo: European Union-28","BIOGASES","Biogases","IMPORTS","Imports","2020","2020",0,,
"TJ","TJ","EU28","Memo: European Union-28","BIOGASOL","Biogasoline","IMPORTS","Imports","2000","2000",0,,
"TJ","TJ","EU28","Memo: European Union-28","BIOGASOL","Biogasoline","IMPORTS","Imports","2001","2001",0,,
"TJ","TJ","EU28","Memo: European Union-28","BIOGASOL","Biogasoline","IMPORTS","Imports","2002","2002",31.43,,
"TJ","TJ","EU28","Memo: European Union-28","BIOGASOL","Biogasoline","IMPORTS","Imports","2003","2003",172.01,,
"TJ","TJ","EU28","Memo: European Union-28","BIOGASOL","Biogasoline","IMPORTS","Imports","2004","2004",1935.29,,
"TJ","TJ","EU28","Memo: European Union-28","BIOGASOL","Biogasoline","IMPORTS","Imports","2005","2005",11236.54,,
"TJ","TJ","EU28","Memo: European Union-28","BIOGASOL","Biogasoline","IMPORTS","Imports","2006","2006",12811.04,,
"TJ","TJ","EU28","Memo: European Union-28","BIOGASOL","Biogasoline","IMPORTS","Imports","2007","2007",19924.19,,
"TJ","TJ","EU28","Memo: European Union-28","BIOGASOL","Biogasoline","IMPORTS","Imports","2008","2008",36288.23,,
"TJ","TJ","EU28","Memo: European Union-28","BIOGASOL","Biogasoline","IMPORTS","Imports","2009","2009",49835.93,,
"TJ","TJ","EU28","Memo: European Union-28","BIOGASOL","Biogasoline","IMPORTS","Imports","2010","2010",63749.22,,
"TJ","TJ","EU28","Memo: European Union-28","BIOGASOL","Biogasoline","IMPORTS","Imports","2011","2011",74320.69,,
"TJ","TJ","EU28","Memo: European Union-28","BIOGASOL","Biogasoline","IMPORTS","Imports","2012","2012",67342.73,,
"TJ","TJ","EU28","Memo: European Union-28","BIOGASOL","Biogasoline","IMPORTS","Imports","2013","2013",47732.17,,
"TJ","TJ","EU28","Memo: European Union-28","BIOGASOL","Biogasoline","IMPORTS","Imports","2014","2014",56019.46,,
"TJ","TJ","EU28","Memo: European Union-28","BIOGASOL","Biogasoline","IMPORTS","Imports","2015","2015",63417.78,,
"TJ","TJ","EU28","Memo: European Union-28","BIOGASOL","Biogasoline","IMPORTS","Imports","2016","2016",59419.67,,
"TJ","TJ","EU28","Memo: European Union-28","BIOGASOL","Biogasoline","IMPORTS","Imports","2017","2017",63981.77,,
"TJ","TJ","EU28","Memo: European Union-28","BIOGASOL","Biogasoline","IMPORTS","Imports","2018","2018",67250.2,,
"TJ","TJ","EU28","Memo: European Union-28","BIOGASOL","Biogasoline","IMPORTS","Imports","2019","2019",77805.78,,
"TJ","TJ","EU28","Memo: European Union-28","BIOGASOL","Biogasoline","IMPORTS","Imports","2020","2020",78397.34,,
"TJ","TJ","EU28","Memo: European Union-28","BIODIESEL","Biodiesels","IMPORTS","Imports","2000","2000",428.98,,
"TJ","TJ","EU28","Memo: European Union-28","BIODIESEL","Biodiesels","IMPORTS","Imports","2001","2001",1412.82,,
"TJ","TJ","EU28","Memo: European Union-28","BIODIESEL","Biodiesels","IMPORTS","Imports","2002","2002",1603.88,,
"TJ","TJ","EU28","Memo: European Union-28","BIODIESEL","Biodiesels","IMPORTS","Imports","2003","2003",7637,,
"TJ","TJ","EU28","Memo: European Union-28","BIODIESEL","Biodiesels","IMPORTS","Imports","2004","2004",4771.13,,
"TJ","TJ","EU28","Memo: European Union-28","BIODIESEL","Biodiesels","IMPORTS","Imports","2005","2005",20730.52,,
"TJ","TJ","EU28","Memo: European Union-28","BIODIESEL","Biodiesels","IMPORTS","Imports","2006","2006",56080.18,,
"TJ","TJ","EU28","Memo: European Union-28","BIODIESEL","Biodiesels","IMPORTS","Imports","2007","2007",83085.87,,
"TJ","TJ","EU28","Memo: European Union-28","BIODIESEL","Biodiesels","IMPORTS","Imports","2008","2008",130454.56,,
"TJ","TJ","EU28","Memo: European Union-28","BIODIESEL","Biodiesels","IMPORTS","Imports","2009","2009",136311.97,,
"TJ","TJ","EU28","Memo: European Union-28","BIODIESEL","Biodiesels","IMPORTS","Imports","2010","2010",183672.61,,
"TJ","TJ","EU28","Memo: European Union-28","BIODIESEL","Biodiesels","IMPORTS","Imports","2011","2011",235706.5,,
"TJ","TJ","EU28","Memo: European Union-28","BIODIESEL","Biodiesels","IMPORTS","Imports","2012","2012",247436.58,,
"TJ","TJ","EU28","Memo: European Union-28","BIODIESEL","Biodiesels","IMPORTS","Imports","2013","2013",208814.77,,
"TJ","TJ","EU28","Memo: European Union-28","BIODIESEL","Biodiesels","IMPORTS","Imports","2014","2014",255702.14,,
"TJ","TJ","EU28","Memo: European Union-28","BIODIESEL","Biodiesels","IMPORTS","Imports","2015","2015",225194.93,,
"TJ","TJ","EU28","Memo: European Union-28","BIODIESEL","Biodiesels","IMPORTS","Imports","2016","2016",259345.64,,
"TJ","TJ","EU28","Memo: European Union-28","BIODIESEL","Biodiesels","IMPORTS","Imports","2017","2017",292129.53,,
"TJ","TJ","EU28","Memo: European Union-28","BIODIESEL","Biodiesels","IMPORTS","Imports","2018","2018",381240.77,,
"TJ","TJ","EU28","Memo: European Union-28","BIODIESEL","Biodiesels","IMPORTS","Imports","2019","2019",404155.24,,
"TJ","TJ","EU28","Memo: European Union-28","BIODIESEL","Biodiesels","IMPORTS","Imports","2020","2020",412251.71,,
"TJ","TJ","EU28","Memo: European Union-28","BIOJETKERO","Bio jet kerosene","IMPORTS","Imports","2000","2000",0,,
"TJ","TJ","EU28","Memo: European Union-28","BIOJETKERO","Bio jet kerosene","IMPORTS","Imports","2001","2001",0,,
"TJ","TJ","EU28","Memo: European Union-28","BIOJETKERO","Bio jet kerosene","IMPORTS","Imports","2002","2002",0,,
"TJ","TJ","EU28","Memo: European Union-28","BIOJETKERO","Bio jet kerosene","IMPORTS","Imports","2003","2003",0,,
"TJ","TJ","EU28","Memo: European Union-28","BIOJETKERO","Bio jet kerosene","IMPORTS","Imports","2004","2004",0,,
"TJ","TJ","EU28","Memo: European Union-28","BIOJETKERO","Bio jet kerosene","IMPORTS","Imports","2005","2005",0,,
"TJ","TJ","EU28","Memo: European Union-28","BIOJETKERO","Bio jet kerosene","IMPORTS","Imports","2006","2006",0,,
"TJ","TJ","EU28","Memo: European Union-28","BIOJETKERO","Bio jet kerosene","IMPORTS","Imports","2007","2007",0,,
"TJ","TJ","EU28","Memo: European Union-28","BIOJETKERO","Bio jet kerosene","IMPORTS","Imports","2008","2008",0,,
"TJ","TJ","EU28","Memo: European Union-28","BIOJETKERO","Bio jet kerosene","IMPORTS","Imports","2009","2009",0,,
"TJ","TJ","EU28","Memo: European Union-28","BIOJETKERO","Bio jet kerosene","IMPORTS","Imports","2010","2010",0,,
"TJ","TJ","EU28","Memo: European Union-28","BIOJETKERO","Bio jet kerosene","IMPORTS","Imports","2011","2011",0,,
"TJ","TJ","EU28","Memo: European Union-28","BIOJETKERO","Bio jet kerosene","IMPORTS","Imports","2012","2012",0,,
"TJ","TJ","EU28","Memo: European Union-28","BIOJETKERO","Bio jet kerosene","IMPORTS","Imports","2013","2013",0,,
"TJ","TJ","EU28","Memo: European Union-28","BIOJETKERO","Bio jet kerosene","IMPORTS","Imports","2014","2014",0,,
"TJ","TJ","EU28","Memo: European Union-28","BIOJETKERO","Bio jet kerosene","IMPORTS","Imports","2015","2015",0,,
"TJ","TJ","EU28","Memo: European Union-28","BIOJETKERO","Bio jet kerosene","IMPORTS","Imports","2016","2016",0,,
"TJ","TJ","EU28","Memo: European Union-28","BIOJETKERO","Bio jet kerosene","IMPORTS","Imports","2017","2017",0,,
"TJ","TJ","EU28","Memo: European Union-28","BIOJETKERO","Bio jet kerosene","IMPORTS","Imports","2018","2018",0,,
"TJ","TJ","EU28","Memo: European Union-28","BIOJETKERO","Bio jet kerosene","IMPORTS","Imports","2019","2019",0,,
"TJ","TJ","EU28","Memo: European Union-28","BIOJETKERO","Bio jet kerosene","IMPORTS","Imports","2020","2020",0,,
"TJ","TJ","EU28","Memo: European Union-28","CHARCOAL","Charcoal","IMPORTS","Imports","2000","2000",2202.8,,
"TJ","TJ","EU28","Memo: European Union-28","CHARCOAL","Charcoal","IMPORTS","Imports","2001","2001",2145.2,,
"TJ","TJ","EU28","Memo: European Union-28","CHARCOAL","Charcoal","IMPORTS","Imports","2002","2002",2266,,
"TJ","TJ","EU28","Memo: European Union-28","CHARCOAL","Charcoal","IMPORTS","Imports","2003","2003",6800,,
"TJ","TJ","EU28","Memo: European Union-28","CHARCOAL","Charcoal","IMPORTS","Imports","2004","2004",7230.6,,
"TJ","TJ","EU28","Memo: European Union-28","CHARCOAL","Charcoal","IMPORTS","Imports","2005","2005",8636.26,,
"TJ","TJ","EU28","Memo: European Union-28","CHARCOAL","Charcoal","IMPORTS","Imports","2006","2006",8924.94,,
"TJ","TJ","EU28","Memo: European Union-28","CHARCOAL","Charcoal","IMPORTS","Imports","2007","2007",11669.39,,
"TJ","TJ","EU28","Memo: European Union-28","CHARCOAL","Charcoal","IMPORTS","Imports","2008","2008",11540.06,,
"TJ","TJ","EU28","Memo: European Union-28","CHARCOAL","Charcoal","IMPORTS","Imports","2009","2009",13427.74,,
"TJ","TJ","EU28","Memo: European Union-28","CHARCOAL","Charcoal","IMPORTS","Imports","2010","2010",13143.95,,
"TJ","TJ","EU28","Memo: European Union-28","CHARCOAL","Charcoal","IMPORTS","Imports","2011","2011",13587.97,,
"TJ","TJ","EU28","Memo: European Union-28","CHARCOAL","Charcoal","IMPORTS","Imports","2012","2012",16373.18,,
"TJ","TJ","EU28","Memo: European Union-28","CHARCOAL","Charcoal","IMPORTS","Imports","2013","2013",15014.79,,
"TJ","TJ","EU28","Memo: European Union-28","CHARCOAL","Charcoal","IMPORTS","Imports","2014","2014",14751.58,,
"TJ","TJ","EU28","Memo: European Union-28","CHARCOAL","Charcoal","IMPORTS","Imports","2015","2015",15238.24,,
"TJ","TJ","EU28","Memo: European Union-28","CHARCOAL","Charcoal","IMPORTS","Imports","2016","2016",13396.69,,
"TJ","TJ","EU28","Memo: European Union-28","CHARCOAL","Charcoal","IMPORTS","Imports","2017","2017",14469.9,,
"TJ","TJ","EU28","Memo: European Union-28","CHARCOAL","Charcoal","IMPORTS","Imports","2018","2018",15060.92,,
"TJ","TJ","EU28","Memo: European Union-28","CHARCOAL","Charcoal","IMPORTS","Imports","2019","2019",13846.85,,
"TJ","TJ","EU28","Memo: European Union-28","CHARCOAL","Charcoal","IMPORTS","Imports","2020","2020",10745.02,,
"TJ","TJ","EU28","Memo: European Union-28","INDWASTE","Industrial waste","EXPORTS","Exports","2000","2000",0,,
"TJ","TJ","EU28","Memo: European Union-28","INDWASTE","Industrial waste","EXPORTS","Exports","2001","2001",-7,,
"TJ","TJ","EU28","Memo: European Union-28","INDWASTE","Industrial waste","EXPORTS","Exports","2002","2002",0,,
"TJ","TJ","EU28","Memo: European Union-28","INDWASTE","Industrial waste","EXPORTS","Exports","2003","2003",-103,,
"TJ","TJ","EU28","Memo: European Union-28","INDWASTE","Industrial waste","EXPORTS","Exports","2004","2004",-7,,
"TJ","TJ","EU28","Memo: European Union-28","INDWASTE","Industrial waste","EXPORTS","Exports","2005","2005",0,,
"TJ","TJ","EU28","Memo: European Union-28","INDWASTE","Industrial waste","EXPORTS","Exports","2006","2006",0,,
"TJ","TJ","EU28","Memo: European Union-28","INDWASTE","Industrial waste","EXPORTS","Exports","2007","2007",0,,
"TJ","TJ","EU28","Memo: European Union-28","INDWASTE","Industrial waste","EXPORTS","Exports","2008","2008",0,,
"TJ","TJ","EU28","Memo: European Union-28","INDWASTE","Industrial waste","EXPORTS","Exports","2009","2009",-1,,
"TJ","TJ","EU28","Memo: European Union-28","INDWASTE","Industrial waste","EXPORTS","Exports","2010","2010",0,,
"TJ","TJ","EU28","Memo: European Union-28","INDWASTE","Industrial waste","EXPORTS","Exports","2011","2011",0,,
"TJ","TJ","EU28","Memo: European Union-28","INDWASTE","Industrial waste","EXPORTS","Exports","2012","2012",0,,
"TJ","TJ","EU28","Memo: European Union-28","INDWASTE","Industrial waste","EXPORTS","Exports","2013","2013",-729,,
"TJ","TJ","EU28","Memo: European Union-28","INDWASTE","Industrial waste","EXPORTS","Exports","2014","2014",0,,
"TJ","TJ","EU28","Memo: European Union-28","INDWASTE","Industrial waste","EXPORTS","Exports","2015","2015",0,,
"TJ","TJ","EU28","Memo: European Union-28","INDWASTE","Industrial waste","EXPORTS","Exports","2016","2016",0,,
"TJ","TJ","EU28","Memo: European Union-28","INDWASTE","Industrial waste","EXPORTS","Exports","2017","2017",0,,
"TJ","TJ","EU28","Memo: European Union-28","INDWASTE","Industrial waste","EXPORTS","Exports","2018","2018",0,,
"TJ","TJ","EU28","Memo: European Union-28","INDWASTE","Industrial waste","EXPORTS","Exports","2019","2019",0,,
"TJ","TJ","EU28","Memo: European Union-28","INDWASTE","Industrial waste","EXPORTS","Exports","2020","2020",0,,
"TJ","TJ","EU28","Memo: European Union-28","MUNWASTER","Municipal waste (renewable)","EXPORTS","Exports","2000","2000",0,,
"TJ","TJ","EU28","Memo: European Union-28","MUNWASTER","Municipal waste (renewable)","EXPORTS","Exports","2001","2001",0,,
"TJ","TJ","EU28","Memo: European Union-28","MUNWASTER","Municipal waste (renewable)","EXPORTS","Exports","2002","2002",0,,
"TJ","TJ","EU28","Memo: European Union-28","MUNWASTER","Municipal waste (renewable)","EXPORTS","Exports","2003","2003",-1,,
"TJ","TJ","EU28","Memo: European Union-28","MUNWASTER","Municipal waste (renewable)","EXPORTS","Exports","2004","2004",0,,
"TJ","TJ","EU28","Memo: European Union-28","MUNWASTER","Municipal waste (renewable)","EXPORTS","Exports","2005","2005",0,,
"TJ","TJ","EU28","Memo: European Union-28","MUNWASTER","Municipal waste (renewable)","EXPORTS","Exports","2006","2006",-4,,
"TJ","TJ","EU28","Memo: European Union-28","MUNWASTER","Municipal waste (renewable)","EXPORTS","Exports","2007","2007",-1,,
"TJ","TJ","EU28","Memo: European Union-28","MUNWASTER","Municipal waste (renewable)","EXPORTS","Exports","2008","2008",0,,
"TJ","TJ","EU28","Memo: European Union-28","MUNWASTER","Municipal waste (renewable)","EXPORTS","Exports","2009","2009",-1,,
"TJ","TJ","EU28","Memo: European Union-28","MUNWASTER","Municipal waste (renewable)","EXPORTS","Exports","2010","2010",-1,,
"TJ","TJ","EU28","Memo: European Union-28","MUNWASTER","Municipal waste (renewable)","EXPORTS","Exports","2011","2011",-1255,,
"TJ","TJ","EU28","Memo: European Union-28","MUNWASTER","Municipal waste (renewable)","EXPORTS","Exports","2012","2012",-1479,,
"TJ","TJ","EU28","Memo: European Union-28","MUNWASTER","Municipal waste (renewable)","EXPORTS","Exports","2013","2013",-1449,,
"TJ","TJ","EU28","Memo: European Union-28","MUNWASTER","Municipal waste (renewable)","EXPORTS","Exports","2014","2014",-1420,,
"TJ","TJ","EU28","Memo: European Union-28","MUNWASTER","Municipal waste (renewable)","EXPORTS","Exports","2015","2015",-1446,,
"TJ","TJ","EU28","Memo: European Union-28","MUNWASTER","Municipal waste (renewable)","EXPORTS","Exports","2016","2016",-1419,,
"TJ","TJ","EU28","Memo: European Union-28","MUNWASTER","Municipal waste (renewable)","EXPORTS","Exports","2017","2017",-1724.6,,
"TJ","TJ","EU28","Memo: European Union-28","MUNWASTER","Municipal waste (renewable)","EXPORTS","Exports","2018","2018",-1676.4,,
"TJ","TJ","EU28","Memo: European Union-28","MUNWASTER","Municipal waste (renewable)","EXPORTS","Exports","2019","2019",-1714.6,,
"TJ","TJ","EU28","Memo: European Union-28","MUNWASTER","Municipal waste (renewable)","EXPORTS","Exports","2020","2020",-1766.6,,
"TJ","TJ","EU28","Memo: European Union-28","MUNWASTEN","Municipal waste (non-renewable)","EXPORTS","Exports","2000","2000",0,,
"TJ","TJ","EU28","Memo: European Union-28","MUNWASTEN","Municipal waste (non-renewable)","EXPORTS","Exports","2001","2001",0,,
"TJ","TJ","EU28","Memo: European Union-28","MUNWASTEN","Municipal waste (non-renewable)","EXPORTS","Exports","2002","2002",0,,
"TJ","TJ","EU28","Memo: European Union-28","MUNWASTEN","Municipal waste (non-renewable)","EXPORTS","Exports","2003","2003",-1,,
"TJ","TJ","EU28","Memo: European Union-28","MUNWASTEN","Municipal waste (non-renewable)","EXPORTS","Exports","2004","2004",0,,
"TJ","TJ","EU28","Memo: European Union-28","MUNWASTEN","Municipal waste (non-renewable)","EXPORTS","Exports","2005","2005",0,,
"TJ","TJ","EU28","Memo: European Union-28","MUNWASTEN","Municipal waste (non-renewable)","EXPORTS","Exports","2006","2006",-4,,
"TJ","TJ","EU28","Memo: European Union-28","MUNWASTEN","Municipal waste (non-renewable)","EXPORTS","Exports","2007","2007",-1,,
"TJ","TJ","EU28","Memo: European Union-28","MUNWASTEN","Municipal waste (non-renewable)","EXPORTS","Exports","2008","2008",0,,
"TJ","TJ","EU28","Memo: European Union-28","MUNWASTEN","Municipal waste (non-renewable)","EXPORTS","Exports","2009","2009",-1,,
"TJ","TJ","EU28","Memo: European Union-28","MUNWASTEN","Municipal waste (non-renewable)","EXPORTS","Exports","2010","2010",-1,,
"TJ","TJ","EU28","Memo: European Union-28","MUNWASTEN","Municipal waste (non-renewable)","EXPORTS","Exports","2011","2011",-1069,,
"TJ","TJ","EU28","Memo: European Union-28","MUNWASTEN","Municipal waste (non-renewable)","EXPORTS","Exports","2012","2012",-1164,,
"TJ","TJ","EU28","Memo: European Union-28","MUNWASTEN","Municipal waste (non-renewable)","EXPORTS","Exports","2013","2013",-1185,,
"TJ","TJ","EU28","Memo: European Union-28","MUNWASTEN","Municipal waste (non-renewable)","EXPORTS","Exports","2014","2014",-1209,,
"TJ","TJ","EU28","Memo: European Union-28","MUNWASTEN","Municipal waste (non-renewable)","EXPORTS","Exports","2015","2015",-1183,,
"TJ","TJ","EU28","Memo: European Union-28","MUNWASTEN","Municipal waste (non-renewable)","EXPORTS","Exports","2016","2016",-1208,,
"TJ","TJ","EU28","Memo: European Union-28","MUNWASTEN","Municipal waste (non-renewable)","EXPORTS","Exports","2017","2017",-1529.4,,
"TJ","TJ","EU28","Memo: European Union-28","MUNWASTEN","Municipal waste (non-renewable)","EXPORTS","Exports","2018","2018",-1547.6,,
"TJ","TJ","EU28","Memo: European Union-28","MUNWASTEN","Municipal waste (non-renewable)","EXPORTS","Exports","2019","2019",-1520.4,,
"TJ","TJ","EU28","Memo: European Union-28","MUNWASTEN","Municipal waste (non-renewable)","EXPORTS","Exports","2020","2020",-1569.4,,
"TJ","TJ","EU28","Memo: European Union-28","PRIMSBIO","Primary solid biofuels","EXPORTS","Exports","2000","2000",-20214,,
"TJ","TJ","EU28","Memo: European Union-28","PRIMSBIO","Primary solid biofuels","EXPORTS","Exports","2001","2001",-27498.01,,
"TJ","TJ","EU28","Memo: European Union-28","PRIMSBIO","Primary solid biofuels","EXPORTS","Exports","2002","2002",-34959.99,,
"TJ","TJ","EU28","Memo: European Union-28","PRIMSBIO","Primary solid biofuels","EXPORTS","Exports","2003","2003",-58296,,
"TJ","TJ","EU28","Memo: European Union-28","PRIMSBIO","Primary solid biofuels","EXPORTS","Exports","2004","2004",-69596.24,,
"TJ","TJ","EU28","Memo: European Union-28","PRIMSBIO","Primary solid biofuels","EXPORTS","Exports","2005","2005",-65551.88,,
"TJ","TJ","EU28","Memo: European Union-28","PRIMSBIO","Primary solid biofuels","EXPORTS","Exports","2006","2006",-78316.06,,
"TJ","TJ","EU28","Memo: European Union-28","PRIMSBIO","Primary solid biofuels","EXPORTS","Exports","2007","2007",-85679.08,,
"TJ","TJ","EU28","Memo: European Union-28","PRIMSBIO","Primary solid biofuels","EXPORTS","Exports","2008","2008",-83388.22,,
"TJ","TJ","EU28","Memo: European Union-28","PRIMSBIO","Primary solid biofuels","EXPORTS","Exports","2009","2009",-90450.61,,
"TJ","TJ","EU28","Memo: European Union-28","PRIMSBIO","Primary solid biofuels","EXPORTS","Exports","2010","2010",-112998.03,,
"TJ","TJ","EU28","Memo: European Union-28","PRIMSBIO","Primary solid biofuels","EXPORTS","Exports","2011","2011",-132980.79,,
"TJ","TJ","EU28","Memo: European Union-28","PRIMSBIO","Primary solid biofuels","EXPORTS","Exports","2012","2012",-153504.3,,
"TJ","TJ","EU28","Memo: European Union-28","PRIMSBIO","Primary solid biofuels","EXPORTS","Exports","2013","2013",-169187.03,,
"TJ","TJ","EU28","Memo: European Union-28","PRIMSBIO","Primary solid biofuels","EXPORTS","Exports","2014","2014",-186143.54,,
"TJ","TJ","EU28","Memo: European Union-28","PRIMSBIO","Primary solid biofuels","EXPORTS","Exports","2015","2015",-196699.63,,
"TJ","TJ","EU28","Memo: European Union-28","PRIMSBIO","Primary solid biofuels","EXPORTS","Exports","2016","2016",-196000.99,,
"TJ","TJ","EU28","Memo: European Union-28","PRIMSBIO","Primary solid biofuels","EXPORTS","Exports","2017","2017",-194454.66,,
"TJ","TJ","EU28","Memo: European Union-28","PRIMSBIO","Primary solid biofuels","EXPORTS","Exports","2018","2018",-207267.36,,
"TJ","TJ","EU28","Memo: European Union-28","PRIMSBIO","Primary solid biofuels","EXPORTS","Exports","2019","2019",-225393.1,,
"TJ","TJ","EU28","Memo: European Union-28","PRIMSBIO","Primary solid biofuels","EXPORTS","Exports","2020","2020",-194146.26,,
"TJ","TJ","EU28","Memo: European Union-28","BIOGASES","Biogases","EXPORTS","Exports","2000","2000",0,,
"TJ","TJ","EU28","Memo: European Union-28","BIOGASES","Biogases","EXPORTS","Exports","2001","2001",0,,
"TJ","TJ","EU28","Memo: European Union-28","BIOGASES","Biogases","EXPORTS","Exports","2002","2002",0,,
"TJ","TJ","EU28","Memo: European Union-28","BIOGASES","Biogases","EXPORTS","Exports","2003","2003",0,,
"TJ","TJ","EU28","Memo: European Union-28","BIOGASES","Biogases","EXPORTS","Exports","2004","2004",0,,
"TJ","TJ","EU28","Memo: European Union-28","BIOGASES","Biogases","EXPORTS","Exports","2005","2005",0,,
"TJ","TJ","EU28","Memo: European Union-28","BIOGASES","Biogases","EXPORTS","Exports","2006","2006",0,,
"TJ","TJ","EU28","Memo: European Union-28","BIOGASES","Biogases","EXPORTS","Exports","2007","2007",0,,
"TJ","TJ","EU28","Memo: European Union-28","BIOGASES","Biogases","EXPORTS","Exports","2008","2008",0,,
"TJ","TJ","EU28","Memo: European Union-28","BIOGASES","Biogases","EXPORTS","Exports","2009","2009",0,,
"TJ","TJ","EU28","Memo: European Union-28","BIOGASES","Biogases","EXPORTS","Exports","2010","2010",0,,
"TJ","TJ","EU28","Memo: European Union-28","BIOGASES","Biogases","EXPORTS","Exports","2011","2011",0,,
"TJ","TJ","EU28","Memo: European Union-28","BIOGASES","Biogases","EXPORTS","Exports","2012","2012",0,,
"TJ","TJ","EU28","Memo: European Union-28","BIOGASES","Biogases","EXPORTS","Exports","2013","2013",0,,
"TJ","TJ","EU28","Memo: European Union-28","BIOGASES","Biogases","EXPORTS","Exports","2014","2014",0,,
"TJ","TJ","EU28","Memo: European Union-28","BIOGASES","Biogases","EXPORTS","Exports","2015","2015",0,,
"TJ","TJ","EU28","Memo: European Union-28","BIOGASES","Biogases","EXPORTS","Exports","2016","2016",0,,
"TJ","TJ","EU28","Memo: European Union-28","BIOGASES","Biogases","EXPORTS","Exports","2017","2017",0,,
"TJ","TJ","EU28","Memo: European Union-28","BIOGASES","Biogases","EXPORTS","Exports","2018","2018",0,,
"TJ","TJ","EU28","Memo: European Union-28","BIOGASES","Biogases","EXPORTS","Exports","2019","2019",0,,
"TJ","TJ","EU28","Memo: European Union-28","BIOGASES","Biogases","EXPORTS","Exports","2020","2020",0,,
"TJ","TJ","EU28","Memo: European Union-28","BIOGASOL","Biogasoline","EXPORTS","Exports","2000","2000",0,,
"TJ","TJ","EU28","Memo: European Union-28","BIOGASOL","Biogasoline","EXPORTS","Exports","2001","2001",0,,
"TJ","TJ","EU28","Memo: European Union-28","BIOGASOL","Biogasoline","EXPORTS","Exports","2002","2002",0,,
"TJ","TJ","EU28","Memo: European Union-28","BIOGASOL","Biogasoline","EXPORTS","Exports","2003","2003",0,,
"TJ","TJ","EU28","Memo: European Union-28","BIOGASOL","Biogasoline","EXPORTS","Exports","2004","2004",-318.11,,
"TJ","TJ","EU28","Memo: European Union-28","BIOGASOL","Biogasoline","EXPORTS","Exports","2005","2005",-2133.1,,
"TJ","TJ","EU28","Memo: European Union-28","BIOGASOL","Biogasoline","EXPORTS","Exports","2006","2006",-1646.69,,
"TJ","TJ","EU28","Memo: European Union-28","BIOGASOL","Biogasoline","EXPORTS","Exports","2007","2007",-6816.57,,
"TJ","TJ","EU28","Memo: European Union-28","BIOGASOL","Biogasoline","EXPORTS","Exports","2008","2008",-15815.76,,
"TJ","TJ","EU28","Memo: European Union-28","BIOGASOL","Biogasoline","EXPORTS","Exports","2009","2009",-21095.36,,
"TJ","TJ","EU28","Memo: European Union-28","BIOGASOL","Biogasoline","EXPORTS","Exports","2010","2010",-24964.23,,
"TJ","TJ","EU28","Memo: European Union-28","BIOGASOL","Biogasoline","EXPORTS","Exports","2011","2011",-29331.69,,
"TJ","TJ","EU28","Memo: European Union-28","BIOGASOL","Biogasoline","EXPORTS","Exports","2012","2012",-37122.39,,
"TJ","TJ","EU28","Memo: European Union-28","BIOGASOL","Biogasoline","EXPORTS","Exports","2013","2013",-44369.22,,
"TJ","TJ","EU28","Memo: European Union-28","BIOGASOL","Biogasoline","EXPORTS","Exports","2014","2014",-46182.45,,
"TJ","TJ","EU28","Memo: European Union-28","BIOGASOL","Biogasoline","EXPORTS","Exports","2015","2015",-50518.73,,
"TJ","TJ","EU28","Memo: European Union-28","BIOGASOL","Biogasoline","EXPORTS","Exports","2016","2016",-49281.05,,
"TJ","TJ","EU28","Memo: European Union-28","BIOGASOL","Biogasoline","EXPORTS","Exports","2017","2017",-53418.73,,
"TJ","TJ","EU28","Memo: European Union-28","BIOGASOL","Biogasoline","EXPORTS","Exports","2018","2018",-51615.98,,
"TJ","TJ","EU28","Memo: European Union-28","BIOGASOL","Biogasoline","EXPORTS","Exports","2019","2019",-48717.33,,
"TJ","TJ","EU28","Memo: European Union-28","BIOGASOL","Biogasoline","EXPORTS","Exports","2020","2020",-49749.5,,
"TJ","TJ","EU28","Memo: European Union-28","BIODIESEL","Biodiesels","EXPORTS","Exports","2000","2000",-2.66,,
"TJ","TJ","EU28","Memo: European Union-28","BIODIESEL","Biodiesels","EXPORTS","Exports","2001","2001",-1847.54,,
"TJ","TJ","EU28","Memo: European Union-28","BIODIESEL","Biodiesels","EXPORTS","Exports","2002","2002",-3328.21,,
"TJ","TJ","EU28","Memo: European Union-28","BIODIESEL","Biodiesels","EXPORTS","Exports","2003","2003",-5726.12,,
"TJ","TJ","EU28","Memo: European Union-28","BIODIESEL","Biodiesels","EXPORTS","Exports","2004","2004",-8707.23,,
"TJ","TJ","EU28","Memo: European Union-28","BIODIESEL","Biodiesels","EXPORTS","Exports","2005","2005",-16071.22,,
"TJ","TJ","EU28","Memo: European Union-28","BIODIESEL","Biodiesels","EXPORTS","Exports","2006","2006",-33887.46,,
"TJ","TJ","EU28","Memo: European Union-28","BIODIESEL","Biodiesels","EXPORTS","Exports","2007","2007",-38100.3,,
"TJ","TJ","EU28","Memo: European Union-28","BIODIESEL","Biodiesels","EXPORTS","Exports","2008","2008",-54169.88,,
"TJ","TJ","EU28","Memo: European Union-28","BIODIESEL","Biodiesels","EXPORTS","Exports","2009","2009",-60339.56,,
"TJ","TJ","EU28","Memo: European Union-28","BIODIESEL","Biodiesels","EXPORTS","Exports","2010","2010",-109114.14,,
"TJ","TJ","EU28","Memo: European Union-28","BIODIESEL","Biodiesels","EXPORTS","Exports","2011","2011",-121223.32,,
"TJ","TJ","EU28","Memo: European Union-28","BIODIESEL","Biodiesels","EXPORTS","Exports","2012","2012",-127928.39,,
"TJ","TJ","EU28","Memo: European Union-28","BIODIESEL","Biodiesels","EXPORTS","Exports","2013","2013",-167853.25,,
"TJ","TJ","EU28","Memo: European Union-28","BIODIESEL","Biodiesels","EXPORTS","Exports","2014","2014",-231960.39,,
"TJ","TJ","EU28","Memo: European Union-28","BIODIESEL","Biodiesels","EXPORTS","Exports","2015","2015",-206574.17,,
"TJ","TJ","EU28","Memo: European Union-28","BIODIESEL","Biodiesels","EXPORTS","Exports","2016","2016",-237855.48,,
"TJ","TJ","EU28","Memo: European Union-28","BIODIESEL","Biodiesels","EXPORTS","Exports","2017","2017",-266148.66,,
"TJ","TJ","EU28","Memo: European Union-28","BIODIESEL","Biodiesels","EXPORTS","Exports","2018","2018",-309745.35,,
"TJ","TJ","EU28","Memo: European Union-28","BIODIESEL","Biodiesels","EXPORTS","Exports","2019","2019",-333345.92,,
"TJ","TJ","EU28","Memo: European Union-28","BIODIESEL","Biodiesels","EXPORTS","Exports","2020","2020",-337918.07,,
"TJ","TJ","EU28","Memo: European Union-28","BIOJETKERO","Bio jet kerosene","EXPORTS","Exports","2000","2000",0,,
"TJ","TJ","EU28","Memo: European Union-28","BIOJETKERO","Bio jet kerosene","EXPORTS","Exports","2001","2001",0,,
"TJ","TJ","EU28","Memo: European Union-28","BIOJETKERO","Bio jet kerosene","EXPORTS","Exports","2002","2002",0,,
"TJ","TJ","EU28","Memo: European Union-28","BIOJETKERO","Bio jet kerosene","EXPORTS","Exports","2003","2003",0,,
"TJ","TJ","EU28","Memo: European Union-28","BIOJETKERO","Bio jet kerosene","EXPORTS","Exports","2004","2004",0,,
"TJ","TJ","EU28","Memo: European Union-28","BIOJETKERO","Bio jet kerosene","EXPORTS","Exports","2005","2005",0,,
"TJ","TJ","EU28","Memo: European Union-28","BIOJETKERO","Bio jet kerosene","EXPORTS","Exports","2006","2006",0,,
"TJ","TJ","EU28","Memo: European Union-28","BIOJETKERO","Bio jet kerosene","EXPORTS","Exports","2007","2007",0,,
"TJ","TJ","EU28","Memo: European Union-28","BIOJETKERO","Bio jet kerosene","EXPORTS","Exports","2008","2008",0,,
"TJ","TJ","EU28","Memo: European Union-28","BIOJETKERO","Bio jet kerosene","EXPORTS","Exports","2009","2009",0,,
"TJ","TJ","EU28","Memo: European Union-28","BIOJETKERO","Bio jet kerosene","EXPORTS","Exports","2010","2010",0,,
"TJ","TJ","EU28","Memo: European Union-28","BIOJETKERO","Bio jet kerosene","EXPORTS","Exports","2011","2011",-43,,
"TJ","TJ","EU28","Memo: European Union-28","BIOJETKERO","Bio jet kerosene","EXPORTS","Exports","2012","2012",0,,
"TJ","TJ","EU28","Memo: European Union-28","BIOJETKERO","Bio jet kerosene","EXPORTS","Exports","2013","2013",0,,
"TJ","TJ","EU28","Memo: European Union-28","BIOJETKERO","Bio jet kerosene","EXPORTS","Exports","2014","2014",0,,
"TJ","TJ","EU28","Memo: European Union-28","BIOJETKERO","Bio jet kerosene","EXPORTS","Exports","2015","2015",-43.1,,
"TJ","TJ","EU28","Memo: European Union-28","BIOJETKERO","Bio jet kerosene","EXPORTS","Exports","2016","2016",0,,
"TJ","TJ","EU28","Memo: European Union-28","BIOJETKERO","Bio jet kerosene","EXPORTS","Exports","2017","2017",0,,
"TJ","TJ","EU28","Memo: European Union-28","BIOJETKERO","Bio jet kerosene","EXPORTS","Exports","2018","2018",-301.7,,
"TJ","TJ","EU28","Memo: European Union-28","BIOJETKERO","Bio jet kerosene","EXPORTS","Exports","2019","2019",-1034.4,,
"TJ","TJ","EU28","Memo: European Union-28","BIOJETKERO","Bio jet kerosene","EXPORTS","Exports","2020","2020",-1896.4,,
"TJ","TJ","EU28","Memo: European Union-28","CHARCOAL","Charcoal","EXPORTS","Exports","2000","2000",-540,,
"TJ","TJ","EU28","Memo: European Union-28","CHARCOAL","Charcoal","EXPORTS","Exports","2001","2001",-600,,
"TJ","TJ","EU28","Memo: European Union-28","CHARCOAL","Charcoal","EXPORTS","Exports","2002","2002",-720,,
"TJ","TJ","EU28","Memo: European Union-28","CHARCOAL","Charcoal","EXPORTS","Exports","2003","2003",-996,,
"TJ","TJ","EU28","Memo: European Union-28","CHARCOAL","Charcoal","EXPORTS","Exports","2004","2004",-1116.8,,
"TJ","TJ","EU28","Memo: European Union-28","CHARCOAL","Charcoal","EXPORTS","Exports","2005","2005",-2004.9,,
"TJ","TJ","EU28","Memo: European Union-28","CHARCOAL","Charcoal","EXPORTS","Exports","2006","2006",-1789.37,,
"TJ","TJ","EU28","Memo: European Union-28","CHARCOAL","Charcoal","EXPORTS","Exports","2007","2007",-2267.66,,
"TJ","TJ","EU28","Memo: European Union-28","CHARCOAL","Charcoal","EXPORTS","Exports","2008","2008",-2150.61,,
"TJ","TJ","EU28","Memo: European Union-28","CHARCOAL","Charcoal","EXPORTS","Exports","2009","2009",-2592.63,,
"TJ","TJ","EU28","Memo: European Union-28","CHARCOAL","Charcoal","EXPORTS","Exports","2010","2010",-2341.99,,
"TJ","TJ","EU28","Memo: European Union-28","CHARCOAL","Charcoal","EXPORTS","Exports","2011","2011",-2565.93,,
"TJ","TJ","EU28","Memo: European Union-28","CHARCOAL","Charcoal","EXPORTS","Exports","2012","2012",-3523.19,,
"TJ","TJ","EU28","Memo: European Union-28","CHARCOAL","Charcoal","EXPORTS","Exports","2013","2013",-2859.01,,
"TJ","TJ","EU28","Memo: European Union-28","CHARCOAL","Charcoal","EXPORTS","Exports","2014","2014",-2646.6,,
"TJ","TJ","EU28","Memo: European Union-28","CHARCOAL","Charcoal","EXPORTS","Exports","2015","2015",-2734.39,,
"TJ","TJ","EU28","Memo: European Union-28","CHARCOAL","Charcoal","EXPORTS","Exports","2016","2016",-1819.47,,
"TJ","TJ","EU28","Memo: European Union-28","CHARCOAL","Charcoal","EXPORTS","Exports","2017","2017",-2333.92,,
"TJ","TJ","EU28","Memo: European Union-28","CHARCOAL","Charcoal","EXPORTS","Exports","2018","2018",-1816.67,,
"TJ","TJ","EU28","Memo: European Union-28","CHARCOAL","Charcoal","EXPORTS","Exports","2019","2019",-1632.17,,
"TJ","TJ","EU28","Memo: European Union-28","CHARCOAL","Charcoal","EXPORTS","Exports","2020","2020",-1462.12,,
"TJ","TJ","EU28","Memo: European Union-28","INDWASTE","Industrial waste","TES","Total energy supply","2000","2000",100450.43,,
"TJ","TJ","EU28","Memo: European Union-28","INDWASTE","Industrial waste","TES","Total energy supply","2001","2001",131018.71,,
"TJ","TJ","EU28","Memo: European Union-28","INDWASTE","Industrial waste","TES","Total energy supply","2002","2002",126316.64,,
"TJ","TJ","EU28","Memo: European Union-28","INDWASTE","Industrial waste","TES","Total energy supply","2003","2003",72917.43,,
"TJ","TJ","EU28","Memo: European Union-28","INDWASTE","Industrial waste","TES","Total energy supply","2004","2004",72911.38,,
"TJ","TJ","EU28","Memo: European Union-28","INDWASTE","Industrial waste","TES","Total energy supply","2005","2005",67268.78,,
"TJ","TJ","EU28","Memo: European Union-28","INDWASTE","Industrial waste","TES","Total energy supply","2006","2006",68852.12,,
"TJ","TJ","EU28","Memo: European Union-28","INDWASTE","Industrial waste","TES","Total energy supply","2007","2007",77293.19,,
"TJ","TJ","EU28","Memo: European Union-28","INDWASTE","Industrial waste","TES","Total energy supply","2008","2008",104449.45,,
"TJ","TJ","EU28","Memo: European Union-28","INDWASTE","Industrial waste","TES","Total energy supply","2009","2009",130232.79,,
"TJ","TJ","EU28","Memo: European Union-28","INDWASTE","Industrial waste","TES","Total energy supply","2010","2010",142959.5,,
"TJ","TJ","EU28","Memo: European Union-28","INDWASTE","Industrial waste","TES","Total energy supply","2011","2011",173383.25,,
"TJ","TJ","EU28","Memo: European Union-28","INDWASTE","Industrial waste","TES","Total energy supply","2012","2012",169667.56,,
"TJ","TJ","EU28","Memo: European Union-28","INDWASTE","Industrial waste","TES","Total energy supply","2013","2013",153502.04,,
"TJ","TJ","EU28","Memo: European Union-28","INDWASTE","Industrial waste","TES","Total energy supply","2014","2014",168389.13,,
"TJ","TJ","EU28","Memo: European Union-28","INDWASTE","Industrial waste","TES","Total energy supply","2015","2015",175495.35,,
"TJ","TJ","EU28","Memo: European Union-28","INDWASTE","Industrial waste","TES","Total energy supply","2016","2016",199207.78,,
"TJ","TJ","EU28","Memo: European Union-28","INDWASTE","Industrial waste","TES","Total energy supply","2017","2017",181503.6,,
"TJ","TJ","EU28","Memo: European Union-28","INDWASTE","Industrial waste","TES","Total energy supply","2018","2018",190907.06,,
"TJ","TJ","EU28","Memo: European Union-28","INDWASTE","Industrial waste","TES","Total energy supply","2019","2019",199367.83,,
"TJ","TJ","EU28","Memo: European Union-28","INDWASTE","Industrial waste","TES","Total energy supply","2020","2020",206117.66,,
"TJ","TJ","EU28","Memo: European Union-28","MUNWASTER","Municipal waste (renewable)","TES","Total energy supply","2000","2000",159136.63,,
"TJ","TJ","EU28","Memo: European Union-28","MUNWASTER","Municipal waste (renewable)","TES","Total energy supply","2001","2001",167654.5,,
"TJ","TJ","EU28","Memo: European Union-28","MUNWASTER","Municipal waste (renewable)","TES","Total energy supply","2002","2002",171392.69,,
"TJ","TJ","EU28","Memo: European Union-28","MUNWASTER","Municipal waste (renewable)","TES","Total energy supply","2003","2003",206616.86,,
"TJ","TJ","EU28","Memo: European Union-28","MUNWASTER","Municipal waste (renewable)","TES","Total energy supply","2004","2004",220377.53,,
"TJ","TJ","EU28","Memo: European Union-28","MUNWASTER","Municipal waste (renewable)","TES","Total energy supply","2005","2005",251032.53,,
"TJ","TJ","EU28","Memo: European Union-28","MUNWASTER","Municipal waste (renewable)","TES","Total energy supply","2006","2006",272229.86,,
"TJ","TJ","EU28","Memo: European Union-28","MUNWASTER","Municipal waste (renewable)","TES","Total energy supply","2007","2007",304239.22,,
"TJ","TJ","EU28","Memo: European Union-28","MUNWASTER","Municipal waste (renewable)","TES","Total energy supply","2008","2008",305001.21,,
"TJ","TJ","EU28","Memo: European Union-28","MUNWASTER","Municipal waste (renewable)","TES","Total energy supply","2009","2009",312190.94,,
"TJ","TJ","EU28","Memo: European Union-28","MUNWASTER","Municipal waste (renewable)","TES","Total energy supply","2010","2010",328966.36,,
"TJ","TJ","EU28","Memo: European Union-28","MUNWASTER","Municipal waste (renewable)","TES","Total energy supply","2011","2011",336015.84,,
"TJ","TJ","EU28","Memo: European Union-28","MUNWASTER","Municipal waste (renewable)","TES","Total energy supply","2012","2012",355858.95,,
"TJ","TJ","EU28","Memo: European Union-28","MUNWASTER","Municipal waste (renewable)","TES","Total energy supply","2013","2013",377812.16,,
"TJ","TJ","EU28","Memo: European Union-28","MUNWASTER","Municipal waste (renewable)","TES","Total energy supply","2014","2014",392435.86,,
"TJ","TJ","EU28","Memo: European Union-28","MUNWASTER","Municipal waste (renewable)","TES","Total energy supply","2015","2015",405259.33,,
"TJ","TJ","EU28","Memo: European Union-28","MUNWASTER","Municipal waste (renewable)","TES","Total energy supply","2016","2016",421310.32,,
"TJ","TJ","EU28","Memo: European Union-28","MUNWASTER","Municipal waste (renewable)","TES","Total energy supply","2017","2017",435609.36,,
"TJ","TJ","EU28","Memo: European Union-28","MUNWASTER","Municipal waste (renewable)","TES","Total energy supply","2018","2018",433779.15,,
"TJ","TJ","EU28","Memo: European Union-28","MUNWASTER","Municipal waste (renewable)","TES","Total energy supply","2019","2019",443164.93,,
"TJ","TJ","EU28","Memo: European Union-28","MUNWASTER","Municipal waste (renewable)","TES","Total energy supply","2020","2020",449409.46,,
"TJ","TJ","EU28","Memo: European Union-28","MUNWASTEN","Municipal waste (non-renewable)","TES","Total energy supply","2000","2000",153373.94,,
"TJ","TJ","EU28","Memo: European Union-28","MUNWASTEN","Municipal waste (non-renewable)","TES","Total energy supply","2001","2001",166644.24,,
"TJ","TJ","EU28","Memo: European Union-28","MUNWASTEN","Municipal waste (non-renewable)","TES","Total energy supply","2002","2002",170426.93,,
"TJ","TJ","EU28","Memo: European Union-28","MUNWASTEN","Municipal waste (non-renewable)","TES","Total energy supply","2003","2003",213082.06,,
"TJ","TJ","EU28","Memo: European Union-28","MUNWASTEN","Municipal waste (non-renewable)","TES","Total energy supply","2004","2004",228584.89,,
"TJ","TJ","EU28","Memo: European Union-28","MUNWASTEN","Municipal waste (non-renewable)","TES","Total energy supply","2005","2005",261007.64,,
"TJ","TJ","EU28","Memo: European Union-28","MUNWASTEN","Municipal waste (non-renewable)","TES","Total energy supply","2006","2006",285798.21,,
"TJ","TJ","EU28","Memo: European Union-28","MUNWASTEN","Municipal waste (non-renewable)","TES","Total energy supply","2007","2007",298747.49,,
"TJ","TJ","EU28","Memo: European Union-28","MUNWASTEN","Municipal waste (non-renewable)","TES","Total energy supply","2008","2008",298732.99,,
"TJ","TJ","EU28","Memo: European Union-28","MUNWASTEN","Municipal waste (non-renewable)","TES","Total energy supply","2009","2009",307114.19,,
"TJ","TJ","EU28","Memo: European Union-28","MUNWASTEN","Municipal waste (non-renewable)","TES","Total energy supply","2010","2010",317199.39,,
"TJ","TJ","EU28","Memo: European Union-28","MUNWASTEN","Municipal waste (non-renewable)","TES","Total energy supply","2011","2011",324892.38,,
"TJ","TJ","EU28","Memo: European Union-28","MUNWASTEN","Municipal waste (non-renewable)","TES","Total energy supply","2012","2012",336457.59,,
"TJ","TJ","EU28","Memo: European Union-28","MUNWASTEN","Municipal waste (non-renewable)","TES","Total energy supply","2013","2013",365799.27,,
"TJ","TJ","EU28","Memo: European Union-28","MUNWASTEN","Municipal waste (non-renewable)","TES","Total energy supply","2014","2014",383425.05,,
"TJ","TJ","EU28","Memo: European Union-28","MUNWASTEN","Municipal waste (non-renewable)","TES","Total energy supply","2015","2015",388574.5,,
"TJ","TJ","EU28","Memo: European Union-28","MUNWASTEN","Municipal waste (non-renewable)","TES","Total energy supply","2016","2016",420118.94,,
"TJ","TJ","EU28","Memo: European Union-28","MUNWASTEN","Municipal waste (non-renewable)","TES","Total energy supply","2017","2017",434710.11,,
"TJ","TJ","EU28","Memo: European Union-28","MUNWASTEN","Municipal waste (non-renewable)","TES","Total energy supply","2018","2018",433248.39,,
"TJ","TJ","EU28","Memo: European Union-28","MUNWASTEN","Municipal waste (non-renewable)","TES","Total energy supply","2019","2019",441885.22,,
"TJ","TJ","EU28","Memo: European Union-28","MUNWASTEN","Municipal waste (non-renewable)","TES","Total energy supply","2020","2020",453911.1,,
"TJ","TJ","EU28","Memo: European Union-28","PRIMSBIO","Primary solid biofuels","TES","Total energy supply","2000","2000",2269792.71,,
"TJ","TJ","EU28","Memo: European Union-28","PRIMSBIO","Primary solid biofuels","TES","Total energy supply","2001","2001",2280093.77,,
"TJ","TJ","EU28","Memo: European Union-28","PRIMSBIO","Primary solid biofuels","TES","Total energy supply","2002","2002",2348538.73,,
"TJ","TJ","EU28","Memo: European Union-28","PRIMSBIO","Primary solid biofuels","TES","Total energy supply","2003","2003",2621999.22,,
"TJ","TJ","EU28","Memo: European Union-28","PRIMSBIO","Primary solid biofuels","TES","Total energy supply","2004","2004",2708334.79,,
"TJ","TJ","EU28","Memo: European Union-28","PRIMSBIO","Primary solid biofuels","TES","Total energy supply","2005","2005",2925598.93,,
"TJ","TJ","EU28","Memo: European Union-28","PRIMSBIO","Primary solid biofuels","TES","Total energy supply","2006","2006",3052425.51,,
"TJ","TJ","EU28","Memo: European Union-28","PRIMSBIO","Primary solid biofuels","TES","Total energy supply","2007","2007",3208797.62,,
"TJ","TJ","EU28","Memo: European Union-28","PRIMSBIO","Primary solid biofuels","TES","Total energy supply","2008","2008",3428131.85,,
"TJ","TJ","EU28","Memo: European Union-28","PRIMSBIO","Primary solid biofuels","TES","Total energy supply","2009","2009",3505820.06,,
"TJ","TJ","EU28","Memo: European Union-28","PRIMSBIO","Primary solid biofuels","TES","Total energy supply","2010","2010",3852961.86,,
"TJ","TJ","EU28","Memo: European Union-28","PRIMSBIO","Primary solid biofuels","TES","Total energy supply","2011","2011",3633982.52,,
"TJ","TJ","EU28","Memo: European Union-28","PRIMSBIO","Primary solid biofuels","TES","Total energy supply","2012","2012",3965309.39,,
"TJ","TJ","EU28","Memo: European Union-28","PRIMSBIO","Primary solid biofuels","TES","Total energy supply","2013","2013",4068103.27,,
"TJ","TJ","EU28","Memo: European Union-28","PRIMSBIO","Primary solid biofuels","TES","Total energy supply","2014","2014",3877719.43,,
"TJ","TJ","EU28","Memo: European Union-28","PRIMSBIO","Primary solid biofuels","TES","Total energy supply","2015","2015",4035853.8,,
"TJ","TJ","EU28","Memo: European Union-28","PRIMSBIO","Primary solid biofuels","TES","Total energy supply","2016","2016",4101796.5,,
"TJ","TJ","EU28","Memo: European Union-28","PRIMSBIO","Primary solid biofuels","TES","Total energy supply","2017","2017",4173056.98,,
"TJ","TJ","EU28","Memo: European Union-28","PRIMSBIO","Primary solid biofuels","TES","Total energy supply","2018","2018",4199656.43,,
"TJ","TJ","EU28","Memo: European Union-28","PRIMSBIO","Primary solid biofuels","TES","Total energy supply","2019","2019",4302733.67,,
"TJ","TJ","EU28","Memo: European Union-28","PRIMSBIO","Primary solid biofuels","TES","Total energy supply","2020","2020",4278276.04,,
"TJ","TJ","EU28","Memo: European Union-28","BIOGASES","Biogases","TES","Total energy supply","2000","2000",91538.74,,
"TJ","TJ","EU28","Memo: European Union-28","BIOGASES","Biogases","TES","Total energy supply","2001","2001",112081.65,,
"TJ","TJ","EU28","Memo: European Union-28","BIOGASES","Biogases","TES","Total energy supply","2002","2002",138565.5,,
"TJ","TJ","EU28","Memo: European Union-28","BIOGASES","Biogases","TES","Total energy supply","2003","2003",141545.46,,
"TJ","TJ","EU28","Memo: European Union-28","BIOGASES","Biogases","TES","Total energy supply","2004","2004",154982.15,,
"TJ","TJ","EU28","Memo: European Union-28","BIOGASES","Biogases","TES","Total energy supply","2005","2005",173666.64,,
"TJ","TJ","EU28","Memo: European Union-28","BIOGASES","Biogases","TES","Total energy supply","2006","2006",189692.62,,
"TJ","TJ","EU28","Memo: European Union-28","BIOGASES","Biogases","TES","Total energy supply","2007","2007",247938.08,,
"TJ","TJ","EU28","Memo: European Union-28","BIOGASES","Biogases","TES","Total energy supply","2008","2008",283182.27,,
"TJ","TJ","EU28","Memo: European Union-28","BIOGASES","Biogases","TES","Total energy supply","2009","2009",319696.94,,
"TJ","TJ","EU28","Memo: European Union-28","BIOGASES","Biogases","TES","Total energy supply","2010","2010",370555.43,,
"TJ","TJ","EU28","Memo: European Union-28","BIOGASES","Biogases","TES","Total energy supply","2011","2011",444359.96,,
"TJ","TJ","EU28","Memo: European Union-28","BIOGASES","Biogases","TES","Total energy supply","2012","2012",513947.69,,
"TJ","TJ","EU28","Memo: European Union-28","BIOGASES","Biogases","TES","Total energy supply","2013","2013",583218.94,,
"TJ","TJ","EU28","Memo: European Union-28","BIOGASES","Biogases","TES","Total energy supply","2014","2014",620346.97,,
"TJ","TJ","EU28","Memo: European Union-28","BIOGASES","Biogases","TES","Total energy supply","2015","2015",651206.23,,
"TJ","TJ","EU28","Memo: European Union-28","BIOGASES","Biogases","TES","Total energy supply","2016","2016",680591.14,,
"TJ","TJ","EU28","Memo: European Union-28","BIOGASES","Biogases","TES","Total energy supply","2017","2017",694755.93,,
"TJ","TJ","EU28","Memo: European Union-28","BIOGASES","Biogases","TES","Total energy supply","2018","2018",691321.2,,
"TJ","TJ","EU28","Memo: European Union-28","BIOGASES","Biogases","TES","Total energy supply","2019","2019",704374.71,,
"TJ","TJ","EU28","Memo: European Union-28","BIOGASES","Biogases","TES","Total energy supply","2020","2020",727199.91,,
"TJ","TJ","EU28","Memo: European Union-28","BIOGASOL","Biogasoline","TES","Total energy supply","2000","2000",2457,,
"TJ","TJ","EU28","Memo: European Union-28","BIOGASOL","Biogasoline","TES","Total energy supply","2001","2001",2751.84,,
"TJ","TJ","EU28","Memo: European Union-28","BIOGASOL","Biogasoline","TES","Total energy supply","2002","2002",6664.26,,
"TJ","TJ","EU28","Memo: European Union-28","BIOGASOL","Biogasoline","TES","Total energy supply","2003","2003",10137.23,,
"TJ","TJ","EU28","Memo: European Union-28","BIOGASOL","Biogasoline","TES","Total energy supply","2004","2004",12798.73,,
"TJ","TJ","EU28","Memo: European Union-28","BIOGASOL","Biogasoline","TES","Total energy supply","2005","2005",25357.83,,
"TJ","TJ","EU28","Memo: European Union-28","BIOGASOL","Biogasoline","TES","Total energy supply","2006","2006",37291.59,,
"TJ","TJ","EU28","Memo: European Union-28","BIOGASOL","Biogasoline","TES","Total energy supply","2007","2007",48193.92,,
"TJ","TJ","EU28","Memo: European Union-28","BIOGASOL","Biogasoline","TES","Total energy supply","2008","2008",75487.56,,
"TJ","TJ","EU28","Memo: European Union-28","BIOGASOL","Biogasoline","TES","Total energy supply","2009","2009",94595.09,,
"TJ","TJ","EU28","Memo: European Union-28","BIOGASOL","Biogasoline","TES","Total energy supply","2010","2010",117122.74,,
"TJ","TJ","EU28","Memo: European Union-28","BIOGASOL","Biogasoline","TES","Total energy supply","2011","2011",121507.58,,
"TJ","TJ","EU28","Memo: European Union-28","BIOGASOL","Biogasoline","TES","Total energy supply","2012","2012",121407.06,,
"TJ","TJ","EU28","Memo: European Union-28","BIOGASOL","Biogasoline","TES","Total energy supply","2013","2013",114631.88,,
"TJ","TJ","EU28","Memo: European Union-28","BIOGASOL","Biogasoline","TES","Total energy supply","2014","2014",113308.89,,
"TJ","TJ","EU28","Memo: European Union-28","BIOGASOL","Biogasoline","TES","Total energy supply","2015","2015",114648.4,,
"TJ","TJ","EU28","Memo: European Union-28","BIOGASOL","Biogasoline","TES","Total energy supply","2016","2016",112802.79,,
"TJ","TJ","EU28","Memo: European Union-28","BIOGASOL","Biogasoline","TES","Total energy supply","2017","2017",120370.06,,
"TJ","TJ","EU28","Memo: European Union-28","BIOGASOL","Biogasoline","TES","Total energy supply","2018","2018",124366.59,,
"TJ","TJ","EU28","Memo: European Union-28","BIOGASOL","Biogasoline","TES","Total energy supply","2019","2019",131751.84,,
"TJ","TJ","EU28","Memo: European Union-28","BIOGASOL","Biogasoline","TES","Total energy supply","2020","2020",124322.1,,
"TJ","TJ","EU28","Memo: European Union-28","BIODIESEL","Biodiesels","TES","Total energy supply","2000","2000",26825.18,,
"TJ","TJ","EU28","Memo: European Union-28","BIODIESEL","Biodiesels","TES","Total energy supply","2001","2001",31621.95,,
"TJ","TJ","EU28","Memo: European Union-28","BIODIESEL","Biodiesels","TES","Total energy supply","2002","2002",39144.44,,
"TJ","TJ","EU28","Memo: European Union-28","BIODIESEL","Biodiesels","TES","Total energy supply","2003","2003",49233.71,,
"TJ","TJ","EU28","Memo: European Union-28","BIODIESEL","Biodiesels","TES","Total energy supply","2004","2004",68217.28,,
"TJ","TJ","EU28","Memo: European Union-28","BIODIESEL","Biodiesels","TES","Total energy supply","2005","2005",107097.55,,
"TJ","TJ","EU28","Memo: European Union-28","BIODIESEL","Biodiesels","TES","Total energy supply","2006","2006",169914.75,,
"TJ","TJ","EU28","Memo: European Union-28","BIODIESEL","Biodiesels","TES","Total energy supply","2007","2007",250430.08,,
"TJ","TJ","EU28","Memo: European Union-28","BIODIESEL","Biodiesels","TES","Total energy supply","2008","2008",329805.9,,
"TJ","TJ","EU28","Memo: European Union-28","BIODIESEL","Biodiesels","TES","Total energy supply","2009","2009",400765.52,,
"TJ","TJ","EU28","Memo: European Union-28","BIODIESEL","Biodiesels","TES","Total energy supply","2010","2010",445279.61,,
"TJ","TJ","EU28","Memo: European Union-28","BIODIESEL","Biodiesels","TES","Total energy supply","2011","2011",459163.99,,
"TJ","TJ","EU28","Memo: European Union-28","BIODIESEL","Biodiesels","TES","Total energy supply","2012","2012",494130.81,,
"TJ","TJ","EU28","Memo: European Union-28","BIODIESEL","Biodiesels","TES","Total energy supply","2013","2013",437274.37,,
"TJ","TJ","EU28","Memo: European Union-28","BIODIESEL","Biodiesels","TES","Total energy supply","2014","2014",483104.36,,
"TJ","TJ","EU28","Memo: European Union-28","BIODIESEL","Biodiesels","TES","Total energy supply","2015","2015",476285.91,,
"TJ","TJ","EU28","Memo: European Union-28","BIODIESEL","Biodiesels","TES","Total energy supply","2016","2016",469253.76,,
"TJ","TJ","EU28","Memo: European Union-28","BIODIESEL","Biodiesels","TES","Total energy supply","2017","2017",532021.19,,
"TJ","TJ","EU28","Memo: European Union-28","BIODIESEL","Biodiesels","TES","Total energy supply","2018","2018",586696.38,,
"TJ","TJ","EU28","Memo: European Union-28","BIODIESEL","Biodiesels","TES","Total energy supply","2019","2019",626141.8,,
"TJ","TJ","EU28","Memo: European Union-28","BIODIESEL","Biodiesels","TES","Total energy supply","2020","2020",613893.86,,
"TJ","TJ","EU28","Memo: European Union-28","BIOJETKERO","Bio jet kerosene","TES","Total energy supply","2000","2000",0,,
"TJ","TJ","EU28","Memo: European Union-28","BIOJETKERO","Bio jet kerosene","TES","Total energy supply","2001","2001",0,,
"TJ","TJ","EU28","Memo: European Union-28","BIOJETKERO","Bio jet kerosene","TES","Total energy supply","2002","2002",0,,
"TJ","TJ","EU28","Memo: European Union-28","BIOJETKERO","Bio jet kerosene","TES","Total energy supply","2003","2003",0,,
"TJ","TJ","EU28","Memo: European Union-28","BIOJETKERO","Bio jet kerosene","TES","Total energy supply","2004","2004",0,,
"TJ","TJ","EU28","Memo: European Union-28","BIOJETKERO","Bio jet kerosene","TES","Total energy supply","2005","2005",0,,
"TJ","TJ","EU28","Memo: European Union-28","BIOJETKERO","Bio jet kerosene","TES","Total energy supply","2006","2006",0,,
"TJ","TJ","EU28","Memo: European Union-28","BIOJETKERO","Bio jet kerosene","TES","Total energy supply","2007","2007",0,,
"TJ","TJ","EU28","Memo: European Union-28","BIOJETKERO","Bio jet kerosene","TES","Total energy supply","2008","2008",0,,
"TJ","TJ","EU28","Memo: European Union-28","BIOJETKERO","Bio jet kerosene","TES","Total energy supply","2009","2009",0,,
"TJ","TJ","EU28","Memo: European Union-28","BIOJETKERO","Bio jet kerosene","TES","Total energy supply","2010","2010",0,,
"TJ","TJ","EU28","Memo: European Union-28","BIOJETKERO","Bio jet kerosene","TES","Total energy supply","2011","2011",0,,
"TJ","TJ","EU28","Memo: European Union-28","BIOJETKERO","Bio jet kerosene","TES","Total energy supply","2012","2012",0,,
"TJ","TJ","EU28","Memo: European Union-28","BIOJETKERO","Bio jet kerosene","TES","Total energy supply","2013","2013",0,,
"TJ","TJ","EU28","Memo: European Union-28","BIOJETKERO","Bio jet kerosene","TES","Total energy supply","2014","2014",0,,
"TJ","TJ","EU28","Memo: European Union-28","BIOJETKERO","Bio jet kerosene","TES","Total energy supply","2015","2015",0,,
"TJ","TJ","EU28","Memo: European Union-28","BIOJETKERO","Bio jet kerosene","TES","Total energy supply","2016","2016",0,,
"TJ","TJ","EU28","Memo: European Union-28","BIOJETKERO","Bio jet kerosene","TES","Total energy supply","2017","2017",0,,
"TJ","TJ","EU28","Memo: European Union-28","BIOJETKERO","Bio jet kerosene","TES","Total energy supply","2018","2018",0,,
"TJ","TJ","EU28","Memo: European Union-28","BIOJETKERO","Bio jet kerosene","TES","Total energy supply","2019","2019",0,,
"TJ","TJ","EU28","Memo: European Union-28","BIOJETKERO","Bio jet kerosene","TES","Total energy supply","2020","2020",0,,
"TJ","TJ","EU28","Memo: European Union-28","CHARCOAL","Charcoal","TES","Total energy supply","2000","2000",1662.8,,
"TJ","TJ","EU28","Memo: European Union-28","CHARCOAL","Charcoal","TES","Total energy supply","2001","2001",1545.2,,
"TJ","TJ","EU28","Memo: European Union-28","CHARCOAL","Charcoal","TES","Total energy supply","2002","2002",1546,,
"TJ","TJ","EU28","Memo: European Union-28","CHARCOAL","Charcoal","TES","Total energy supply","2003","2003",5804,,
"TJ","TJ","EU28","Memo: European Union-28","CHARCOAL","Charcoal","TES","Total energy supply","2004","2004",6113.8,,
"TJ","TJ","EU28","Memo: European Union-28","CHARCOAL","Charcoal","TES","Total energy supply","2005","2005",6631.36,,
"TJ","TJ","EU28","Memo: European Union-28","CHARCOAL","Charcoal","TES","Total energy supply","2006","2006",7135.56,,
"TJ","TJ","EU28","Memo: European Union-28","CHARCOAL","Charcoal","TES","Total energy supply","2007","2007",9371.73,,
"TJ","TJ","EU28","Memo: European Union-28","CHARCOAL","Charcoal","TES","Total energy supply","2008","2008",9389.45,,
"TJ","TJ","EU28","Memo: European Union-28","CHARCOAL","Charcoal","TES","Total energy supply","2009","2009",10805.11,,
"TJ","TJ","EU28","Memo: European Union-28","CHARCOAL","Charcoal","TES","Total energy supply","2010","2010",10831.95,,
"TJ","TJ","EU28","Memo: European Union-28","CHARCOAL","Charcoal","TES","Total energy supply","2011","2011",11022.03,,
"TJ","TJ","EU28","Memo: European Union-28","CHARCOAL","Charcoal","TES","Total energy supply","2012","2012",12850,,
"TJ","TJ","EU28","Memo: European Union-28","CHARCOAL","Charcoal","TES","Total energy supply","2013","2013",12155.78,,
"TJ","TJ","EU28","Memo: European Union-28","CHARCOAL","Charcoal","TES","Total energy supply","2014","2014",12046.19,,
"TJ","TJ","EU28","Memo: European Union-28","CHARCOAL","Charcoal","TES","Total energy supply","2015","2015",12443.85,,
"TJ","TJ","EU28","Memo: European Union-28","CHARCOAL","Charcoal","TES","Total energy supply","2016","2016",11549.22,,
"TJ","TJ","EU28","Memo: European Union-28","CHARCOAL","Charcoal","TES","Total energy supply","2017","2017",12155.24,,
"TJ","TJ","EU28","Memo: European Union-28","CHARCOAL","Charcoal","TES","Total energy supply","2018","2018",13235.32,,
"TJ","TJ","EU28","Memo: European Union-28","CHARCOAL","Charcoal","TES","Total energy supply","2019","2019",12133.84,,
"TJ","TJ","EU28","Memo: European Union-28","CHARCOAL","Charcoal","TES","Total energy supply","2020","2020",9248.3,,
